/*
 Navicat Premium Data Transfer

 Source Server         : db80
 Source Server Type    : MySQL
 Source Server Version : 80029
 Source Host           : localhost:3308
 Source Schema         : student_mis

 Target Server Type    : MySQL
 Target Server Version : 80029
 File Encoding         : 65001

 Date: 07/02/2023 18:18:22
*/

SET NAMES utf8mb4;
SET FOREIGN_KEY_CHECKS = 0;

-- ----------------------------
-- Table structure for admin
-- ----------------------------
DROP TABLE IF EXISTS `admin`;
CREATE TABLE `admin`  (
  `id` int(0) NOT NULL AUTO_INCREMENT,
  `username` varchar(50) CHARACTER SET utf8 COLLATE utf8_general_ci NOT NULL DEFAULT '',
  `password` varchar(255) CHARACTER SET utf8 COLLATE utf8_general_ci NOT NULL DEFAULT '',
  `real_name` varchar(50) CHARACTER SET utf8 COLLATE utf8_general_ci NOT NULL DEFAULT '',
  `level` tinyint(0) NOT NULL DEFAULT 0,
  `school` varchar(50) CHARACTER SET utf8 COLLATE utf8_general_ci NOT NULL DEFAULT '',
  `email` varchar(50) CHARACTER SET utf8 COLLATE utf8_general_ci NOT NULL DEFAULT '0',
  `phone` varchar(50) CHARACTER SET utf8 COLLATE utf8_general_ci NOT NULL DEFAULT '',
  `sex` tinyint(0) NOT NULL DEFAULT 0,
  `create_time` timestamp(0) NOT NULL DEFAULT CURRENT_TIMESTAMP(0) COMMENT '创建时间',
  PRIMARY KEY (`id`) USING BTREE
) ENGINE = InnoDB AUTO_INCREMENT = 20 CHARACTER SET = utf8 COLLATE = utf8_general_ci ROW_FORMAT = Dynamic;

-- ----------------------------
-- Records of admin
-- ----------------------------
INSERT INTO `admin` VALUES (1, 'admin', '123456', '管理员', 0, '北京大学', '16666666666@qq.com', '155555555555', 0, '2020-03-28 15:06:24');

-- ----------------------------
-- Table structure for course
-- ----------------------------
DROP TABLE IF EXISTS `course`;
CREATE TABLE `course`  (
  `id` varchar(50) CHARACTER SET utf8 COLLATE utf8_general_ci NOT NULL DEFAULT '' COMMENT '编号',
  `name` varchar(40) CHARACTER SET utf8 COLLATE utf8_general_ci NOT NULL COMMENT '课程名',
  `credits` decimal(4, 1) NOT NULL DEFAULT 2.0 COMMENT '学分',
  `score` int(0) NOT NULL DEFAULT 100 COMMENT '满分',
  `number` int(0) NOT NULL DEFAULT 32 COMMENT '课时',
  `year` int(0) NOT NULL DEFAULT 2019 COMMENT '届时',
  `term` tinyint(0) NOT NULL DEFAULT 0 COMMENT '学期',
  `type` tinyint(0) NOT NULL DEFAULT 1 COMMENT '类别 1必修 2选修',
  `profession` varchar(50) CHARACTER SET utf8 COLLATE utf8_general_ci NOT NULL DEFAULT '' COMMENT '专业',
  `create_time` timestamp(0) NOT NULL DEFAULT CURRENT_TIMESTAMP(0),
  PRIMARY KEY (`id`) USING BTREE
) ENGINE = InnoDB CHARACTER SET = utf8 COLLATE = utf8_general_ci ROW_FORMAT = Dynamic;

-- ----------------------------
-- Records of course
-- ----------------------------
INSERT INTO `course` VALUES ('12312311001', '数字电路基础', 4.0, 100, 18, 2019, 1, 1, '电子信息工程', '2020-05-04 21:36:06');
INSERT INTO `course` VALUES ('12312311002', '大学物理', 4.0, 100, 20, 2019, 1, 1, '电子信息工程', '2020-05-04 21:36:05');
INSERT INTO `course` VALUES ('12312311003', '线性代数', 1.0, 100, 18, 2019, 1, 1, '电子信息工程', '2020-05-04 21:36:04');
INSERT INTO `course` VALUES ('12312311004', '复变函数', 2.0, 100, 18, 2019, 1, 1, '电子信息工程', '2020-05-04 21:36:03');
INSERT INTO `course` VALUES ('12312311005', '模拟电子线路', 4.0, 100, 18, 2019, 1, 1, '电子信息工程', '2020-05-04 21:36:02');
INSERT INTO `course` VALUES ('12312311006', '信号与系统', 2.0, 100, 18, 2019, 1, 1, '电子信息工程', '2020-05-04 21:36:01');
INSERT INTO `course` VALUES ('12312311007', '大学英语', 4.0, 100, 18, 2019, 1, 1, '电子信息工程', '2020-05-04 21:36:07');
INSERT INTO `course` VALUES ('12312311008', '体育', 1.0, 100, 16, 2019, 1, 1, '电子信息工程', '2020-05-04 21:36:08');
INSERT INTO `course` VALUES ('12312311009', '电子技术', 2.0, 100, 16, 2019, 1, 1, '电子信息工程', '2020-05-04 21:36:09');
INSERT INTO `course` VALUES ('12312311010', '多媒体技术', 2.0, 100, 18, 2019, 1, 1, '电子信息工程', '2020-05-04 21:36:10');
INSERT INTO `course` VALUES ('12312321001', '物联网工程导论', 2.0, 100, 18, 2019, 1, 1, '物联网', '2020-05-04 21:36:10');
INSERT INTO `course` VALUES ('12312321002', '物联网安全', 2.0, 100, 18, 2019, 1, 1, '物联网', '2020-05-04 21:40:55');
INSERT INTO `course` VALUES ('12312321003', '现代通信技术', 1.0, 100, 18, 2019, 1, 1, '物联网', '2020-05-04 21:47:11');
INSERT INTO `course` VALUES ('12312321004', '无线传感器网络', 4.0, 100, 18, 2019, 1, 1, '物联网', '2020-05-04 21:51:16');
INSERT INTO `course` VALUES ('12312321005', '现代传感器技术', 2.0, 100, 18, 2019, 1, 1, '物联网', '2020-05-04 21:52:23');
INSERT INTO `course` VALUES ('12312321006', '信号与系统概论', 2.0, 100, 18, 2019, 1, 1, '物联网', '2020-05-04 21:53:33');
INSERT INTO `course` VALUES ('12312331001', '计算机网络技术', 1.0, 100, 18, 2019, 1, 1, '计算机', '2020-05-04 21:54:51');
INSERT INTO `course` VALUES ('12312331002', '网络与通信', 1.0, 100, 18, 2019, 1, 1, '计算机', '2020-05-04 21:55:28');
INSERT INTO `course` VALUES ('12312331003', '计算机安全', 2.0, 100, 15, 2019, 1, 1, '计算机', '2020-05-04 21:55:51');
INSERT INTO `course` VALUES ('12312331004', '算法与数据结构', 4.0, 100, 18, 2019, 1, 1, '计算机', '2020-05-04 21:56:17');
INSERT INTO `course` VALUES ('12312331005', '多媒体信息处理', 2.0, 100, 14, 2019, 1, 1, '计算机', '2020-05-04 21:56:42');
INSERT INTO `course` VALUES ('12312331006', '计算机组成原理', 2.0, 100, 18, 2019, 1, 1, '计算机', '2020-05-04 21:57:38');
INSERT INTO `course` VALUES ('12312341001', '高频电子线路', 4.0, 100, 18, 2019, 1, 1, '软件工程', '2020-05-04 21:58:30');
INSERT INTO `course` VALUES ('12312341002', '光纤通讯', 2.0, 100, 16, 2019, 1, 1, '软件工程', '2020-05-04 21:58:44');
INSERT INTO `course` VALUES ('12312341003', '移动通讯', 1.0, 100, 18, 2019, 1, 1, '软件工程', '2020-05-04 21:58:59');
INSERT INTO `course` VALUES ('12312341004', '电路分析', 1.0, 100, 18, 2019, 1, 1, '软件工程', '2020-05-04 21:59:12');
INSERT INTO `course` VALUES ('12312341005', '程控交换技术', 2.0, 100, 18, 2019, 1, 1, '软件工程', '2020-05-04 22:05:37');
INSERT INTO `course` VALUES ('12312341006', '通信原理', 4.0, 100, 18, 2019, 1, 1, '软件工程', '2020-05-04 22:05:57');

-- ----------------------------
-- Table structure for course_info
-- ----------------------------
DROP TABLE IF EXISTS `course_info`;
CREATE TABLE `course_info`  (
  `id` int(0) NOT NULL AUTO_INCREMENT,
  `course_id` varchar(50) CHARACTER SET utf8 COLLATE utf8_general_ci NOT NULL,
  `start` int(0) NOT NULL,
  `end` int(0) NOT NULL,
  `room` varchar(50) CHARACTER SET utf8 COLLATE utf8_general_ci NULL DEFAULT NULL,
  `profession` varchar(50) CHARACTER SET utf8 COLLATE utf8_general_ci NULL DEFAULT NULL,
  PRIMARY KEY (`id`) USING BTREE
) ENGINE = InnoDB AUTO_INCREMENT = 32 CHARACTER SET = utf8 COLLATE = utf8_general_ci ROW_FORMAT = Dynamic;

-- ----------------------------
-- Records of course_info
-- ----------------------------
INSERT INTO `course_info` VALUES (1, '12312311001', 1, 25, '404', '电子信息工程');
INSERT INTO `course_info` VALUES (2, '12312311002', 1, 25, '401', '电子信息工程');
INSERT INTO `course_info` VALUES (3, '12312311003', 1, 25, '403', '电子信息工程');
INSERT INTO `course_info` VALUES (4, '12312311004', 1, 25, '406', '电子信息工程');
INSERT INTO `course_info` VALUES (5, '12312311005', 1, 25, '405', '电子信息工程');
INSERT INTO `course_info` VALUES (6, '12312311006', 1, 25, '402', '电子信息工程');
INSERT INTO `course_info` VALUES (7, '12312321001', 1, 25, '505', '物联网');
INSERT INTO `course_info` VALUES (8, '12312321002', 1, 25, NULL, '物联网');
INSERT INTO `course_info` VALUES (9, '12312321003', 1, 25, NULL, '物联网');
INSERT INTO `course_info` VALUES (10, '12312321005', 1, 25, NULL, '物联网');
INSERT INTO `course_info` VALUES (11, '12312321006', 1, 25, NULL, '物联网');
INSERT INTO `course_info` VALUES (12, '12312331001', 1, 25, '506', '计算机');
INSERT INTO `course_info` VALUES (13, '12312331002', 1, 25, NULL, '计算机');
INSERT INTO `course_info` VALUES (14, '12312331003', 1, 25, NULL, '计算机');
INSERT INTO `course_info` VALUES (15, '12312331004', 1, 25, NULL, '计算机');
INSERT INTO `course_info` VALUES (16, '12312331005', 1, 25, NULL, '计算机');
INSERT INTO `course_info` VALUES (17, '12312331006', 1, 25, NULL, '计算机');
INSERT INTO `course_info` VALUES (18, '12312341001', 1, 25, '506', '软件工程');
INSERT INTO `course_info` VALUES (19, '12312341002', 1, 25, NULL, '软件工程');
INSERT INTO `course_info` VALUES (20, '12312341003', 1, 25, NULL, '软件工程');
INSERT INTO `course_info` VALUES (21, '12312321004', 1, 25, NULL, '物联网');
INSERT INTO `course_info` VALUES (22, '12312341004', 1, 25, NULL, '软件工程');
INSERT INTO `course_info` VALUES (23, '12312341005', 1, 25, NULL, '软件工程');
INSERT INTO `course_info` VALUES (24, '12312341006', 1, 25, NULL, '软件工程');
INSERT INTO `course_info` VALUES (27, '12312311007', 1, 25, NULL, '电子信息工程');
INSERT INTO `course_info` VALUES (28, '12312311008', 1, 25, NULL, '电子信息工程');
INSERT INTO `course_info` VALUES (29, '12312311009', 1, 25, NULL, '电子信息工程');
INSERT INTO `course_info` VALUES (30, '12312311010', 1, 25, NULL, '电子信息工程');

-- ----------------------------
-- Table structure for profession
-- ----------------------------
DROP TABLE IF EXISTS `profession`;
CREATE TABLE `profession`  (
  `id` int(0) NOT NULL AUTO_INCREMENT,
  `name` varchar(50) CHARACTER SET utf8 COLLATE utf8_general_ci NOT NULL,
  PRIMARY KEY (`id`) USING BTREE
) ENGINE = InnoDB AUTO_INCREMENT = 13 CHARACTER SET = utf8 COLLATE = utf8_general_ci ROW_FORMAT = Dynamic;

-- ----------------------------
-- Records of profession
-- ----------------------------
INSERT INTO `profession` VALUES (1, '电子信息工程');
INSERT INTO `profession` VALUES (2, '物联网');
INSERT INTO `profession` VALUES (3, '计算机');
INSERT INTO `profession` VALUES (4, '软件工程');
INSERT INTO `profession` VALUES (5, '土木工程');
INSERT INTO `profession` VALUES (6, '网络工程');
INSERT INTO `profession` VALUES (7, '工程造价');
INSERT INTO `profession` VALUES (8, '会计');
INSERT INTO `profession` VALUES (9, '环境工程');
INSERT INTO `profession` VALUES (12, '123');

-- ----------------------------
-- Table structure for silent
-- ----------------------------
DROP TABLE IF EXISTS `silent`;
CREATE TABLE `silent`  (
  `id` int(0) NOT NULL AUTO_INCREMENT,
  `state` tinyint(0) NOT NULL,
  PRIMARY KEY (`id`) USING BTREE
) ENGINE = InnoDB AUTO_INCREMENT = 2 CHARACTER SET = utf8 COLLATE = utf8_general_ci ROW_FORMAT = Dynamic;

-- ----------------------------
-- Records of silent
-- ----------------------------
INSERT INTO `silent` VALUES (1, 0);

-- ----------------------------
-- Table structure for student
-- ----------------------------
DROP TABLE IF EXISTS `student`;
CREATE TABLE `student`  (
  `id` varchar(50) CHARACTER SET utf8 COLLATE utf8_general_ci NOT NULL,
  `username` varchar(50) CHARACTER SET utf8 COLLATE utf8_general_ci NOT NULL DEFAULT '',
  `password` varchar(255) CHARACTER SET utf8 COLLATE utf8_general_ci NOT NULL DEFAULT '',
  `real_name` varchar(50) CHARACTER SET utf8 COLLATE utf8_general_ci NOT NULL DEFAULT '',
  `level` tinyint(0) NOT NULL DEFAULT 2,
  `school` varchar(50) CHARACTER SET utf8 COLLATE utf8_general_ci NOT NULL DEFAULT '',
  `admission_time` varchar(50) CHARACTER SET utf8 COLLATE utf8_general_ci NOT NULL DEFAULT '',
  `email` varchar(50) CHARACTER SET utf8 COLLATE utf8_general_ci NOT NULL DEFAULT '0',
  `profession` varchar(50) CHARACTER SET utf8 COLLATE utf8_general_ci NOT NULL DEFAULT '',
  `grade` int(0) NOT NULL,
  `phone` varchar(50) CHARACTER SET utf8 COLLATE utf8_general_ci NOT NULL DEFAULT '',
  `sex` tinyint(0) NOT NULL DEFAULT 0,
  `create_time` timestamp(0) NOT NULL DEFAULT CURRENT_TIMESTAMP(0) COMMENT '创建时间',
  PRIMARY KEY (`id`) USING BTREE
) ENGINE = InnoDB CHARACTER SET = utf8 COLLATE = utf8_general_ci ROW_FORMAT = Dynamic;

-- ----------------------------
-- Records of student
-- ----------------------------
INSERT INTO `student` VALUES ('2019251101', '2019251101', '123456', '林立川', 2, '北京大学', '2019', '1564387882@qq.com', '电子信息工程', 1901, '13358204423', 1, '2020-03-31 15:50:22');
INSERT INTO `student` VALUES ('2019251102', '2019251102', '123456', '韩季强', 2, '北京大学', '2019', '1564387882@qq.com', '电子信息工程', 1901, '13904568561', 0, '2020-03-31 15:50:22');
INSERT INTO `student` VALUES ('2019251103', '2019251103', '123456', '曹维启', 2, '北京大学', '2019', '1913637409@qq.com', '电子信息工程', 1901, '13700090921', 0, '2020-03-31 15:53:31');
INSERT INTO `student` VALUES ('2019251104', '2019251104', '123456', '吕德', 2, '北京大学', '2019', '1720646161@qq.com', '电子信息工程', 1901, '15903373628', 1, '2020-03-31 15:53:31');
INSERT INTO `student` VALUES ('2019251105', '2019251105', '123456', '柏泽', 2, '北京大学', '2019', '1030844828@qq.com', '电子信息工程', 1901, '13306440038', 0, '2020-03-31 15:53:31');
INSERT INTO `student` VALUES ('2019251106', '2019251106', '123456', '熊辉力', 2, '北京大学', '2019', '1368517693@qq.com', '电子信息工程', 1901, '13600865966', 1, '2020-03-31 15:53:31');
INSERT INTO `student` VALUES ('2019251107', '2019251107', '123456', '傅冠', 2, '北京大学', '2019', '1633449201@qq.com', '电子信息工程', 1901, '13701752096', 0, '2020-03-31 15:53:32');
INSERT INTO `student` VALUES ('2019251108', '2019251108', '123456', '酆保', 2, '北京大学', '2019', '1903230942@qq.com', '电子信息工程', 1901, '15200310443', 1, '2020-03-31 15:53:32');
INSERT INTO `student` VALUES ('2019251109', '2019251109', '123456', '郑腾', 2, '北京大学', '2019', '1905995751@qq.com', '电子信息工程', 1901, '13803191852', 0, '2020-03-31 15:53:32');
INSERT INTO `student` VALUES ('2019251110', '2019251110', '123456', '吴斌', 2, '北京大学', '2019', '1268829036@qq.com', '电子信息工程', 1901, '13104042247', 0, '2020-03-31 15:53:32');
INSERT INTO `student` VALUES ('2019251111', '2019251111', '123456', '柳慧巧', 2, '北京大学', '2019', '1866710083@qq.com', '电子信息工程', 1901, '13704864349', 0, '2020-03-31 15:53:32');
INSERT INTO `student` VALUES ('2019251112', '2019251112', '123456', '伏颖', 2, '北京大学', '2019', '1810351523@qq.com', '电子信息工程', 1901, '13003758800', 0, '2020-03-31 15:53:32');
INSERT INTO `student` VALUES ('2019251113', '2019251113', '123456', '鲍翔旭', 2, '北京大学', '2019', '1393604939@qq.com', '电子信息工程', 1901, '15105275012', 0, '2020-03-31 15:53:32');
INSERT INTO `student` VALUES ('2019251114', '2019251114', '123456', '周泰盛', 2, '北京大学', '2019', '1459773822@qq.com', '电子信息工程', 1901, '13605744985', 1, '2020-03-31 15:53:32');
INSERT INTO `student` VALUES ('2019251115', '2019251115', '123456', '葛思', 2, '北京大学', '2019', '1139434347@qq.com', '电子信息工程', 1901, '13102513003', 0, '2020-03-31 15:53:32');
INSERT INTO `student` VALUES ('2019251116', '2019251116', '123456', '舒乐', 2, '北京大学', '2019', '1720673668@qq.com', '电子信息工程', 1901, '13004250563', 0, '2020-03-31 15:53:32');
INSERT INTO `student` VALUES ('2019251117', '2019251117', '123456', '孔月莺', 2, '北京大学', '2019', '1984607297@qq.com', '电子信息工程', 1901, '13402975067', 0, '2020-03-31 15:53:32');
INSERT INTO `student` VALUES ('2019251118', '2019251118', '123456', '姜斌', 2, '北京大学', '2019', '1064021840@qq.com', '电子信息工程', 1901, '15301138688', 1, '2020-03-31 15:53:32');
INSERT INTO `student` VALUES ('2019251119', '2019251119', '123456', '汪敬震', 2, '北京大学', '2019', '1632228805@qq.com', '电子信息工程', 1901, '15704356031', 0, '2020-03-31 15:53:32');
INSERT INTO `student` VALUES ('2019251120', '2019251120', '123456', '曹旭', 2, '北京大学', '2019', '1189607467@qq.com', '电子信息工程', 1901, '13508641007', 0, '2020-03-31 15:53:32');
INSERT INTO `student` VALUES ('2019251121', '2019251121', '123456', '柳影荔', 2, '北京大学', '2019', '1860190234@qq.com', '电子信息工程', 1901, '13006594022', 1, '2020-03-31 15:53:32');
INSERT INTO `student` VALUES ('2019251122', '2019251122', '123456', '蓝敬震', 2, '北京大学', '2019', '1642978396@qq.com', '电子信息工程', 1901, '15001253493', 0, '2020-03-31 15:53:32');
INSERT INTO `student` VALUES ('2019251123', '2019251123', '123456', '陈启', 2, '北京大学', '2019', '1693928397@qq.com', '电子信息工程', 1901, '15901024868', 1, '2020-03-31 15:53:33');
INSERT INTO `student` VALUES ('2019251124', '2019251124', '123456', '严发', 2, '北京大学', '2019', '1377953093@qq.com', '电子信息工程', 1901, '13402228948', 0, '2020-03-31 15:53:33');
INSERT INTO `student` VALUES ('2019251125', '2019251125', '123456', '严强军', 2, '北京大学', '2019', '1283938615@qq.com', '电子信息工程', 1901, '13501243126', 1, '2020-03-31 15:51:39');
INSERT INTO `student` VALUES ('2019251126', '2019251126', '123456', '傅梅', 2, '北京大学', '2019', '1951738850@qq.com', '电子信息工程', 1901, '13304491796', 0, '2020-03-31 15:57:17');
INSERT INTO `student` VALUES ('2019251127', '2019251127', '123456', '齐莲', 2, '北京大学', '2019', '1518418751@qq.com', '电子信息工程', 1901, '13506746627', 1, '2020-03-31 15:57:17');
INSERT INTO `student` VALUES ('2019251128', '2019251128', '123456', '邹燕彩', 2, '北京大学', '2019', '1844811992@qq.com', '电子信息工程', 1901, '15806244167', 1, '2020-03-31 15:57:17');
INSERT INTO `student` VALUES ('2019251129', '2019251129', '123456', '滕承乐', 2, '北京大学', '2019', '1694373866@qq.com', '电子信息工程', 1901, '15302491589', 1, '2020-03-31 15:57:18');
INSERT INTO `student` VALUES ('2019251130', '2019251130', '123456', '吴翰', 2, '北京大学', '2019', '1443532361@qq.com', '电子信息工程', 1901, '15906814748', 0, '2020-03-31 15:57:18');
INSERT INTO `student` VALUES ('2019251131', '2019251131', '123456', '杨梦', 2, '北京大学', '2019', '1217218205@qq.com', '电子信息工程', 1901, '13507047383', 0, '2020-03-31 15:57:18');
INSERT INTO `student` VALUES ('2019251132', '2019251132', '123456', '尹厚庆', 2, '北京大学', '2019', '1563536627@qq.com', '电子信息工程', 1901, '15300773435', 1, '2020-03-31 15:57:18');
INSERT INTO `student` VALUES ('2019251133', '2019251133', '123456', '康莎', 2, '北京大学', '2019', '1703023907@qq.com', '电子信息工程', 1901, '15602604715', 1, '2020-03-31 15:57:18');
INSERT INTO `student` VALUES ('2019251134', '2019251134', '123456', '薛婉娴', 2, '北京大学', '2019', '1750397403@qq.com', '电子信息工程', 1901, '15206754657', 1, '2020-03-31 15:57:18');
INSERT INTO `student` VALUES ('2019251135', '2019251135', '123456', '毕强军', 2, '北京大学', '2019', '1729941302@qq.com', '电子信息工程', 1901, '13403206262', 1, '2020-03-31 15:57:19');
INSERT INTO `student` VALUES ('2019251136', '2019251136', '123456', '孔雅', 2, '北京大学', '2019', '1756085533@qq.com', '电子信息工程', 1901, '13406450046', 0, '2020-03-31 15:57:19');
INSERT INTO `student` VALUES ('2019251137', '2019251137', '123456', '谈世', 2, '北京大学', '2019', '1096417457@qq.com', '电子信息工程', 1901, '13307891428', 0, '2020-03-31 15:57:19');
INSERT INTO `student` VALUES ('2019251138', '2019251138', '123456', '米勤', 2, '北京大学', '2019', '1014671661@qq.com', '电子信息工程', 1901, '15606914831', 0, '2020-03-31 15:57:19');
INSERT INTO `student` VALUES ('2019251139', '2019251139', '123456', '水利清', 2, '北京大学', '2019', '1720099038@qq.com', '电子信息工程', 1901, '15008216365', 1, '2020-03-31 15:57:19');
INSERT INTO `student` VALUES ('2019251140', '2019251140', '123456', '昌飞彬', 2, '北京大学', '2019', '1651430112@qq.com', '电子信息工程', 1901, '13004858329', 0, '2020-03-31 15:57:19');
INSERT INTO `student` VALUES ('2019251141', '2019251141', '123456', '范之', 2, '北京大学', '2019', '1209163886@qq.com', '电子信息工程', 1901, '13500697610', 0, '2020-03-31 15:57:19');
INSERT INTO `student` VALUES ('2019251142', '2019251142', '123456', '薛聪澜', 2, '北京大学', '2019', '1624959266@qq.com', '电子信息工程', 1901, '13704804643', 0, '2020-03-31 15:57:19');
INSERT INTO `student` VALUES ('2019251143', '2019251143', '123456', '蓝盛', 2, '北京大学', '2019', '1335148161@qq.com', '电子信息工程', 1901, '13005132500', 0, '2020-03-31 15:57:19');
INSERT INTO `student` VALUES ('2019251144', '2019251144', '123456', '朱庆', 2, '北京大学', '2019', '1970163510@qq.com', '电子信息工程', 1901, '13107244178', 0, '2020-03-31 15:57:19');
INSERT INTO `student` VALUES ('2019251145', '2019251145', '123456', '殷环', 2, '北京大学', '2019', '1114181684@qq.com', '电子信息工程', 1901, '13605745626', 0, '2020-03-31 15:57:20');
INSERT INTO `student` VALUES ('2019251146', '2019251146', '123456', '水兴', 2, '北京大学', '2019', '1738525339@qq.com', '电子信息工程', 1901, '13906668841', 0, '2020-03-31 15:57:20');
INSERT INTO `student` VALUES ('2019251147', '2019251147', '123456', '姚言', 2, '北京大学', '2019', '1994704574@qq.com', '电子信息工程', 1901, '13003380011', 0, '2020-03-31 15:57:20');
INSERT INTO `student` VALUES ('2019251148', '2019251148', '123456', '邵震', 2, '北京大学', '2019', '1475455334@qq.com', '电子信息工程', 1901, '13707638959', 1, '2020-03-31 15:57:20');
INSERT INTO `student` VALUES ('2019251149', '2019251149', '123456', '史震', 2, '北京大学', '2019', '1247780895@qq.com', '电子信息工程', 1901, '15607800436', 0, '2020-03-31 15:57:20');
INSERT INTO `student` VALUES ('2019251150', '2019251150', '123456', '卞奇', 2, '北京大学', '2019', '1249904227@qq.com', '电子信息工程', 1901, '13903720567', 0, '2020-03-31 15:57:20');
INSERT INTO `student` VALUES ('2019251201', '2019251201', '123456', '范婉娴', 2, '北京大学', '2019', '1719066785@qq.com', '电子信息工程', 1902, '15200665684', 0, '2020-03-31 16:01:20');
INSERT INTO `student` VALUES ('2019251202', '2019251202', '123456', '廉善', 2, '北京大学', '2019', '1697077805@qq.com', '电子信息工程', 1902, '15103087634', 1, '2020-03-31 16:01:20');
INSERT INTO `student` VALUES ('2019251203', '2019251203', '123456', '倪士以', 2, '北京大学', '2019', '1095246750@qq.com', '电子信息工程', 1902, '13202301117', 1, '2020-03-31 16:01:20');
INSERT INTO `student` VALUES ('2019251204', '2019251204', '123456', '鲁梦', 2, '北京大学', '2019', '1065615209@qq.com', '电子信息工程', 1902, '15701427428', 0, '2020-03-31 16:01:20');
INSERT INTO `student` VALUES ('2019251205', '2019251205', '123456', '董素', 2, '北京大学', '2019', '1633187005@qq.com', '电子信息工程', 1902, '13004697373', 1, '2020-03-31 16:01:21');
INSERT INTO `student` VALUES ('2019251206', '2019251206', '123456', '孙山仁', 2, '北京大学', '2019', '1463528551@qq.com', '电子信息工程', 1902, '13103794192', 0, '2020-03-31 16:01:21');
INSERT INTO `student` VALUES ('2019251207', '2019251207', '123456', '贺山仁', 2, '北京大学', '2019', '1281195423@qq.com', '电子信息工程', 1902, '15707381051', 0, '2020-03-31 16:01:21');
INSERT INTO `student` VALUES ('2019251208', '2019251208', '123456', '严成', 2, '北京大学', '2019', '1768734901@qq.com', '电子信息工程', 1902, '13102565239', 0, '2020-03-31 16:01:21');
INSERT INTO `student` VALUES ('2019251209', '2019251209', '123456', '袁邦', 2, '北京大学', '2019', '1870438832@qq.com', '电子信息工程', 1902, '13801956288', 1, '2020-03-31 16:01:21');
INSERT INTO `student` VALUES ('2019251210', '2019251210', '123456', '邵清', 2, '北京大学', '2019', '1405331751@qq.com', '电子信息工程', 1902, '15302941699', 0, '2020-03-31 16:01:21');
INSERT INTO `student` VALUES ('2019251211', '2019251211', '123456', '曹平保', 2, '北京大学', '2019', '1739957382@qq.com', '电子信息工程', 1902, '13304641069', 0, '2020-03-31 16:01:21');
INSERT INTO `student` VALUES ('2019251212', '2019251212', '123456', '邵天', 2, '北京大学', '2019', '1425740987@qq.com', '电子信息工程', 1902, '15900528218', 0, '2020-03-31 16:01:21');
INSERT INTO `student` VALUES ('2019251213', '2019251213', '123456', '卞振壮', 2, '北京大学', '2019', '1710250597@qq.com', '电子信息工程', 1902, '15204903116', 1, '2020-03-31 16:01:21');
INSERT INTO `student` VALUES ('2019251214', '2019251214', '123456', '袁政谦', 2, '北京大学', '2019', '1480549541@qq.com', '电子信息工程', 1902, '15101678130', 0, '2020-03-31 16:01:21');
INSERT INTO `student` VALUES ('2019251215', '2019251215', '123456', '于波宁', 2, '北京大学', '2019', '1245580023@qq.com', '电子信息工程', 1902, '13708476173', 0, '2020-03-31 16:01:21');
INSERT INTO `student` VALUES ('2019251216', '2019251216', '123456', '柏家', 2, '北京大学', '2019', '1976832913@qq.com', '电子信息工程', 1902, '15201043973', 0, '2020-03-31 16:01:21');
INSERT INTO `student` VALUES ('2019251217', '2019251217', '123456', '葛德', 2, '北京大学', '2019', '1173278771@qq.com', '电子信息工程', 1902, '15006110211', 0, '2020-03-31 16:01:21');
INSERT INTO `student` VALUES ('2019251218', '2019251218', '123456', '王素', 2, '北京大学', '2019', '1570050051@qq.com', '电子信息工程', 1902, '15005900817', 1, '2020-03-31 16:01:21');
INSERT INTO `student` VALUES ('2019251219', '2019251219', '123456', '尹岚苑', 2, '北京大学', '2019', '1089253261@qq.com', '电子信息工程', 1902, '13108404753', 0, '2020-03-31 16:01:22');
INSERT INTO `student` VALUES ('2019251220', '2019251220', '123456', '滕树', 2, '北京大学', '2019', '1931572398@qq.com', '电子信息工程', 1902, '15903057279', 0, '2020-03-31 16:01:22');
INSERT INTO `student` VALUES ('2019251221', '2019251221', '123456', '黄菁梦', 2, '北京大学', '2019', '1051805395@qq.com', '电子信息工程', 1902, '13700871498', 0, '2020-03-31 16:01:22');
INSERT INTO `student` VALUES ('2019251222', '2019251222', '123456', '安桂', 2, '北京大学', '2019', '1474178072@qq.com', '电子信息工程', 1902, '15000897256', 0, '2020-03-31 16:01:22');
INSERT INTO `student` VALUES ('2019251223', '2019251223', '123456', '邵波宁', 2, '北京大学', '2019', '1927785579@qq.com', '电子信息工程', 1902, '13500587267', 0, '2020-03-31 16:01:22');
INSERT INTO `student` VALUES ('2019251224', '2019251224', '123456', '米雄琛', 2, '北京大学', '2019', '1500736436@qq.com', '电子信息工程', 1902, '15805237601', 0, '2020-03-31 16:01:22');
INSERT INTO `student` VALUES ('2019251225', '2019251225', '123456', '昌全', 2, '北京大学', '2019', '1282140601@qq.com', '电子信息工程', 1902, '15901796970', 0, '2020-03-31 16:01:22');
INSERT INTO `student` VALUES ('2019251226', '2019251226', '123456', '明娴', 2, '北京大学', '2019', '1385775220@qq.com', '电子信息工程', 1902, '15005352602', 0, '2020-03-31 16:01:22');
INSERT INTO `student` VALUES ('2019251227', '2019251227', '123456', '梁咏卿', 2, '北京大学', '2019', '1438691430@qq.com', '电子信息工程', 1902, '13604517122', 0, '2020-03-31 16:01:22');
INSERT INTO `student` VALUES ('2019251228', '2019251228', '123456', '米富顺', 2, '北京大学', '2019', '1975482659@qq.com', '电子信息工程', 1902, '13303637011', 0, '2020-03-31 16:01:22');
INSERT INTO `student` VALUES ('2019251229', '2019251229', '123456', '韩飞彬', 2, '北京大学', '2019', '1994538716@qq.com', '电子信息工程', 1902, '13705887682', 0, '2020-03-31 16:01:22');
INSERT INTO `student` VALUES ('2019251230', '2019251230', '123456', '钱明永', 2, '北京大学', '2019', '1019321152@qq.com', '电子信息工程', 1902, '15101923463', 1, '2020-03-31 16:01:22');
INSERT INTO `student` VALUES ('2019251231', '2019251231', '123456', '纪宁', 2, '北京大学', '2019', '1005719512@qq.com', '电子信息工程', 1902, '15308857297', 0, '2020-03-31 16:01:22');
INSERT INTO `student` VALUES ('2019251232', '2019251232', '123456', '陶坚和', 2, '北京大学', '2019', '1174269895@qq.com', '电子信息工程', 1902, '13300181425', 0, '2020-03-31 16:01:22');
INSERT INTO `student` VALUES ('2019251233', '2019251233', '123456', '成晨辰', 2, '北京大学', '2019', '1330063898@qq.com', '电子信息工程', 1902, '15101247675', 1, '2020-03-31 16:01:22');
INSERT INTO `student` VALUES ('2019251234', '2019251234', '123456', '酆融', 2, '北京大学', '2019', '1957225894@qq.com', '电子信息工程', 1902, '15004932761', 1, '2020-03-31 16:01:22');
INSERT INTO `student` VALUES ('2019251235', '2019251235', '123456', '闵文', 2, '北京大学', '2019', '1243674461@qq.com', '电子信息工程', 1902, '15605853783', 1, '2020-03-31 16:01:23');
INSERT INTO `student` VALUES ('2019251236', '2019251236', '123456', '毛翔旭', 2, '北京大学', '2019', '1196658502@qq.com', '电子信息工程', 1902, '15508876086', 0, '2020-03-31 16:01:23');
INSERT INTO `student` VALUES ('2019251237', '2019251237', '123456', '戚豪', 2, '北京大学', '2019', '1484714907@qq.com', '电子信息工程', 1902, '13804981406', 0, '2020-03-31 16:01:23');
INSERT INTO `student` VALUES ('2019251238', '2019251238', '123456', '窦保', 2, '北京大学', '2019', '1044585191@qq.com', '电子信息工程', 1902, '13804422431', 0, '2020-03-31 16:01:23');
INSERT INTO `student` VALUES ('2019251239', '2019251239', '123456', '殷力', 2, '北京大学', '2019', '1899792813@qq.com', '电子信息工程', 1902, '15700181146', 1, '2020-03-31 16:01:23');
INSERT INTO `student` VALUES ('2019251240', '2019251240', '123456', '云琰', 2, '北京大学', '2019', '1216885884@qq.com', '电子信息工程', 1902, '13203990980', 0, '2020-03-31 16:01:23');
INSERT INTO `student` VALUES ('2019251241', '2019251241', '123456', '宋信子', 2, '北京大学', '2019', '1684899065@qq.com', '电子信息工程', 1902, '13301951352', 1, '2020-03-31 16:01:23');
INSERT INTO `student` VALUES ('2019251242', '2019251242', '123456', '喻梦', 2, '北京大学', '2019', '1633455677@qq.com', '电子信息工程', 1902, '15907352579', 0, '2020-03-31 16:01:23');
INSERT INTO `student` VALUES ('2019251243', '2019251243', '123456', '狄琳素', 2, '北京大学', '2019', '1982259565@qq.com', '电子信息工程', 1902, '13605291327', 1, '2020-03-31 16:01:23');
INSERT INTO `student` VALUES ('2019251244', '2019251244', '123456', '蓝岩中', 2, '北京大学', '2019', '1592034709@qq.com', '电子信息工程', 1902, '15005721758', 0, '2020-03-31 16:01:24');
INSERT INTO `student` VALUES ('2019251245', '2019251245', '123456', '潘琛', 2, '北京大学', '2019', '1251193640@qq.com', '电子信息工程', 1902, '15102333417', 1, '2020-03-31 16:01:24');
INSERT INTO `student` VALUES ('2019251246', '2019251246', '123456', '余娣叶', 2, '北京大学', '2019', '1894720780@qq.com', '电子信息工程', 1902, '13108318197', 1, '2020-03-31 16:01:24');
INSERT INTO `student` VALUES ('2019251247', '2019251247', '123456', '谢克伦', 2, '北京大学', '2019', '1375117525@qq.com', '电子信息工程', 1902, '15206410040', 0, '2020-03-31 16:01:24');
INSERT INTO `student` VALUES ('2019251248', '2019251248', '123456', '昌冠', 2, '北京大学', '2019', '1721022682@qq.com', '电子信息工程', 1902, '15303469002', 0, '2020-03-31 16:01:24');
INSERT INTO `student` VALUES ('2019251249', '2019251249', '123456', '滕栋', 2, '北京大学', '2019', '1660780624@qq.com', '电子信息工程', 1902, '15103267560', 0, '2020-03-31 16:01:24');
INSERT INTO `student` VALUES ('2019251250', '2019251250', '123456', '曹河哲', 2, '北京大学', '2019', '1658913795@qq.com', '电子信息工程', 1902, '13008637635', 0, '2020-03-31 16:01:24');
INSERT INTO `student` VALUES ('2019251324', '2019251324', '123456', '林立川', 2, '北京大学', '2019', '1532224308@qq.com', '电子信息工程', 1903, '13358204723', 0, '2020-03-31 23:57:59');
INSERT INTO `student` VALUES ('2019252101', '2019252101', '123456', '席壮', 2, '北京大学', '2019', '1683001104@qq.com', '物联网', 1901, '15103486559', 0, '2020-03-31 16:02:38');
INSERT INTO `student` VALUES ('2019252102', '2019252102', '123456', '孙涛', 2, '北京大学', '2019', '1198288956@qq.com', '物联网', 1901, '13405007356', 0, '2020-03-31 16:02:38');
INSERT INTO `student` VALUES ('2019252103', '2019252103', '123456', '俞翔旭', 2, '北京大学', '2019', '1788043861@qq.com', '物联网', 1901, '15306108810', 0, '2020-03-31 16:02:38');
INSERT INTO `student` VALUES ('2019252104', '2019252104', '123456', '汤璐', 2, '北京大学', '2019', '1395940999@qq.com', '物联网', 1901, '13303164030', 1, '2020-03-31 16:02:38');
INSERT INTO `student` VALUES ('2019252105', '2019252105', '123456', '和菊', 2, '北京大学', '2019', '1481823978@qq.com', '物联网', 1901, '13805636006', 1, '2020-03-31 16:02:38');
INSERT INTO `student` VALUES ('2019252106', '2019252106', '123456', '乐邦', 2, '北京大学', '2019', '1788516059@qq.com', '物联网', 1901, '15101332030', 0, '2020-03-31 16:02:38');
INSERT INTO `student` VALUES ('2019252107', '2019252107', '123456', '袁林有', 2, '北京大学', '2019', '1889742207@qq.com', '物联网', 1901, '13507104946', 0, '2020-03-31 16:02:38');
INSERT INTO `student` VALUES ('2019252108', '2019252108', '123456', '穆博', 2, '北京大学', '2019', '1421464323@qq.com', '物联网', 1901, '15702516509', 1, '2020-03-31 16:02:39');
INSERT INTO `student` VALUES ('2019252109', '2019252109', '123456', '殷全', 2, '北京大学', '2019', '1576737323@qq.com', '物联网', 1901, '13305743836', 1, '2020-03-31 16:02:39');
INSERT INTO `student` VALUES ('2019252110', '2019252110', '123456', '卫飘育', 2, '北京大学', '2019', '1877192876@qq.com', '物联网', 1901, '13403998966', 1, '2020-03-31 16:02:39');
INSERT INTO `student` VALUES ('2019252111', '2019252111', '123456', '章之', 2, '北京大学', '2019', '1009496283@qq.com', '物联网', 1901, '13603544801', 1, '2020-03-31 16:02:39');
INSERT INTO `student` VALUES ('2019252112', '2019252112', '123456', '姜君琴', 2, '北京大学', '2019', '1326823822@qq.com', '物联网', 1901, '15201964043', 1, '2020-03-31 16:02:39');
INSERT INTO `student` VALUES ('2019252113', '2019252113', '123456', '袁茗', 2, '北京大学', '2019', '1395618087@qq.com', '物联网', 1901, '15508095896', 0, '2020-03-31 16:02:39');
INSERT INTO `student` VALUES ('2019252114', '2019252114', '123456', '戴震', 2, '北京大学', '2019', '1264281062@qq.com', '物联网', 1901, '15101167731', 0, '2020-03-31 16:02:40');
INSERT INTO `student` VALUES ('2019252115', '2019252115', '123456', '许策腾', 2, '北京大学', '2019', '1661986021@qq.com', '物联网', 1901, '13506343459', 0, '2020-03-31 16:02:40');
INSERT INTO `student` VALUES ('2019252116', '2019252116', '123456', '陈莉桂', 2, '北京大学', '2019', '1698397615@qq.com', '物联网', 1901, '15106679011', 0, '2020-03-31 16:02:40');
INSERT INTO `student` VALUES ('2019252117', '2019252117', '123456', '朱兴', 2, '北京大学', '2019', '1267636671@qq.com', '物联网', 1901, '15302426853', 0, '2020-03-31 16:02:40');
INSERT INTO `student` VALUES ('2019252118', '2019252118', '123456', '酆黛', 2, '北京大学', '2019', '1814235413@qq.com', '物联网', 1901, '13608096005', 0, '2020-03-31 16:02:40');
INSERT INTO `student` VALUES ('2019252119', '2019252119', '123456', '陶岚苑', 2, '北京大学', '2019', '1680719053@qq.com', '物联网', 1901, '15003078999', 0, '2020-03-31 16:02:40');
INSERT INTO `student` VALUES ('2019252120', '2019252120', '123456', '章坚和', 2, '北京大学', '2019', '1499083208@qq.com', '物联网', 1901, '13603367319', 1, '2020-03-31 16:02:40');
INSERT INTO `student` VALUES ('2019252121', '2019252121', '123456', '云芸', 2, '北京大学', '2019', '1917726441@qq.com', '物联网', 1901, '13900754208', 1, '2020-03-31 16:02:40');
INSERT INTO `student` VALUES ('2019252122', '2019252122', '123456', '滕泰盛', 2, '北京大学', '2019', '1460595603@qq.com', '物联网', 1901, '13500132249', 0, '2020-03-31 16:02:40');
INSERT INTO `student` VALUES ('2019252123', '2019252123', '123456', '张莲', 2, '北京大学', '2019', '1239997832@qq.com', '物联网', 1901, '15003028260', 1, '2020-03-31 16:02:41');
INSERT INTO `student` VALUES ('2019252124', '2019252124', '123456', '吴宜可', 2, '北京大学', '2019', '1967330019@qq.com', '物联网', 1901, '15804581074', 0, '2020-03-31 16:02:41');
INSERT INTO `student` VALUES ('2019252125', '2019252125', '123456', '韩茜秋', 2, '北京大学', '2019', '1659881874@qq.com', '物联网', 1901, '15202835736', 1, '2020-03-31 16:02:41');
INSERT INTO `student` VALUES ('2019252126', '2019252126', '123456', '祝兰凤', 2, '北京大学', '2019', '1184287836@qq.com', '物联网', 1901, '13403960525', 0, '2020-03-31 16:02:41');
INSERT INTO `student` VALUES ('2019252127', '2019252127', '123456', '韩珠', 2, '北京大学', '2019', '1063468928@qq.com', '物联网', 1901, '13904268355', 0, '2020-03-31 16:02:41');
INSERT INTO `student` VALUES ('2019252128', '2019252128', '123456', '齐思', 2, '北京大学', '2019', '1628300166@qq.com', '物联网', 1901, '15503093998', 0, '2020-03-31 16:02:41');
INSERT INTO `student` VALUES ('2019252129', '2019252129', '123456', '祝飞彬', 2, '北京大学', '2019', '1588650427@qq.com', '物联网', 1901, '13101859008', 0, '2020-03-31 16:02:41');
INSERT INTO `student` VALUES ('2019252130', '2019252130', '123456', '尤刚', 2, '北京大学', '2019', '1260160959@qq.com', '物联网', 1901, '15902102066', 1, '2020-03-31 16:02:41');
INSERT INTO `student` VALUES ('2019252131', '2019252131', '123456', '平寒', 2, '北京大学', '2019', '1986488099@qq.com', '物联网', 1901, '15704166295', 1, '2020-03-31 16:02:41');
INSERT INTO `student` VALUES ('2019252132', '2019252132', '123456', '杨亮', 2, '北京大学', '2019', '1249285463@qq.com', '物联网', 1901, '13107006338', 0, '2020-03-31 16:02:41');
INSERT INTO `student` VALUES ('2019252133', '2019252133', '123456', '雷生龙', 2, '北京大学', '2019', '1675436427@qq.com', '物联网', 1901, '13101926692', 0, '2020-03-31 16:02:41');
INSERT INTO `student` VALUES ('2019252134', '2019252134', '123456', '康婕馨', 2, '北京大学', '2019', '1767837707@qq.com', '物联网', 1901, '15600040596', 1, '2020-03-31 16:02:42');
INSERT INTO `student` VALUES ('2019252135', '2019252135', '123456', '袁健世', 2, '北京大学', '2019', '1970651017@qq.com', '物联网', 1901, '13108545292', 0, '2020-03-31 16:02:42');
INSERT INTO `student` VALUES ('2019252136', '2019252136', '123456', '梁莎', 2, '北京大学', '2019', '1785631134@qq.com', '物联网', 1901, '13400511072', 0, '2020-03-31 16:02:42');
INSERT INTO `student` VALUES ('2019252137', '2019252137', '123456', '湛军', 2, '北京大学', '2019', '1308225520@qq.com', '物联网', 1901, '15503630832', 0, '2020-03-31 16:02:42');
INSERT INTO `student` VALUES ('2019252138', '2019252138', '123456', '朱杰涛', 2, '北京大学', '2019', '1550769606@qq.com', '物联网', 1901, '13904171530', 1, '2020-03-31 16:02:42');
INSERT INTO `student` VALUES ('2019252139', '2019252139', '123456', '喻炎德', 2, '北京大学', '2019', '1453632096@qq.com', '物联网', 1901, '15805347451', 1, '2020-03-31 16:02:42');
INSERT INTO `student` VALUES ('2019252140', '2019252140', '123456', '尹月莺', 2, '北京大学', '2019', '1916805916@qq.com', '物联网', 1901, '15505291717', 0, '2020-03-31 16:02:42');
INSERT INTO `student` VALUES ('2019252141', '2019252141', '123456', '茅民', 2, '北京大学', '2019', '1773720969@qq.com', '物联网', 1901, '15204632454', 1, '2020-03-31 16:02:42');
INSERT INTO `student` VALUES ('2019252142', '2019252142', '123456', '鲁健世', 2, '北京大学', '2019', '1634912989@qq.com', '物联网', 1901, '13206965608', 1, '2020-03-31 16:02:43');
INSERT INTO `student` VALUES ('2019252143', '2019252143', '123456', '袁启', 2, '北京大学', '2019', '1203540768@qq.com', '物联网', 1901, '13104485856', 0, '2020-03-31 16:02:43');
INSERT INTO `student` VALUES ('2019252144', '2019252144', '123456', '滕朋斌', 2, '北京大学', '2019', '1632348680@qq.com', '物联网', 1901, '15903052507', 1, '2020-03-31 16:02:43');
INSERT INTO `student` VALUES ('2019252145', '2019252145', '123456', '董顺', 2, '北京大学', '2019', '1661185387@qq.com', '物联网', 1901, '13902584245', 0, '2020-03-31 16:02:43');
INSERT INTO `student` VALUES ('2019252146', '2019252146', '123456', '苏辉力', 2, '北京大学', '2019', '1070381636@qq.com', '物联网', 1901, '15807118947', 1, '2020-03-31 16:02:43');
INSERT INTO `student` VALUES ('2019252147', '2019252147', '123456', '贝厚庆', 2, '北京大学', '2019', '1747127700@qq.com', '物联网', 1901, '15607921314', 0, '2020-03-31 16:02:44');
INSERT INTO `student` VALUES ('2019252148', '2019252148', '123456', '卞健世', 2, '北京大学', '2019', '1929454326@qq.com', '物联网', 1901, '15005296876', 1, '2020-03-31 16:02:44');
INSERT INTO `student` VALUES ('2019252149', '2019252149', '123456', '伍会思', 2, '北京大学', '2019', '1797517387@qq.com', '物联网', 1901, '15007587312', 1, '2020-03-31 16:02:44');
INSERT INTO `student` VALUES ('2019252150', '2019252150', '123456', '陈伯', 2, '北京大学', '2019', '1790390528@qq.com', '物联网', 1901, '13605841004', 1, '2020-03-31 16:02:44');
INSERT INTO `student` VALUES ('2019253101', '2019253101', '123456', '元才发', 2, '北京大学', '2019', '1002184134@qq.com', '计算机', 1901, '13103547031', 0, '2020-03-31 16:04:16');
INSERT INTO `student` VALUES ('2019253102', '2019253102', '123456', '余伯', 2, '北京大学', '2019', '1483980096@qq.com', '计算机', 1901, '15604376436', 0, '2020-03-31 16:04:16');
INSERT INTO `student` VALUES ('2019253103', '2019253103', '123456', '云光天', 2, '北京大学', '2019', '1879736089@qq.com', '计算机', 1901, '15502865043', 0, '2020-03-31 16:04:16');
INSERT INTO `student` VALUES ('2019253104', '2019253104', '123456', '傅珊莎', 2, '北京大学', '2019', '1430965623@qq.com', '计算机', 1901, '15606345572', 0, '2020-03-31 16:04:16');
INSERT INTO `student` VALUES ('2019253105', '2019253105', '123456', '唐强军', 2, '北京大学', '2019', '1800424639@qq.com', '计算机', 1901, '13602820914', 0, '2020-03-31 16:04:16');
INSERT INTO `student` VALUES ('2019253106', '2019253106', '123456', '卞军', 2, '北京大学', '2019', '1037708204@qq.com', '计算机', 1901, '15704135823', 0, '2020-03-31 16:04:16');
INSERT INTO `student` VALUES ('2019253107', '2019253107', '123456', '苏乐', 2, '北京大学', '2019', '1799770515@qq.com', '计算机', 1901, '13108878576', 0, '2020-03-31 16:04:17');
INSERT INTO `student` VALUES ('2019253108', '2019253108', '123456', '宋超', 2, '北京大学', '2019', '1991901381@qq.com', '计算机', 1901, '15801237351', 0, '2020-03-31 16:04:17');
INSERT INTO `student` VALUES ('2019253109', '2019253109', '123456', '朱馥', 2, '北京大学', '2019', '1216825166@qq.com', '计算机', 1901, '13000817911', 1, '2020-03-31 16:04:17');
INSERT INTO `student` VALUES ('2019253110', '2019253110', '123456', '屈波宁', 2, '北京大学', '2019', '1770729608@qq.com', '计算机', 1901, '15801190411', 1, '2020-03-31 16:04:17');
INSERT INTO `student` VALUES ('2019253111', '2019253111', '123456', '葛莲', 2, '北京大学', '2019', '1254764939@qq.com', '计算机', 1901, '13200454507', 1, '2020-03-31 16:04:17');
INSERT INTO `student` VALUES ('2019253112', '2019253112', '123456', '孙荔', 2, '北京大学', '2019', '1307744267@qq.com', '计算机', 1901, '13704534046', 1, '2020-03-31 16:04:17');
INSERT INTO `student` VALUES ('2019253113', '2019253113', '123456', '花武新', 2, '北京大学', '2019', '1962101811@qq.com', '计算机', 1901, '15808323376', 0, '2020-03-31 16:04:17');
INSERT INTO `student` VALUES ('2019253114', '2019253114', '123456', '伏振壮', 2, '北京大学', '2019', '1840352630@qq.com', '计算机', 1901, '15706043432', 0, '2020-03-31 16:04:17');
INSERT INTO `student` VALUES ('2019253115', '2019253115', '123456', '茅岩中', 2, '北京大学', '2019', '1902568244@qq.com', '计算机', 1901, '13002866039', 0, '2020-03-31 16:04:17');
INSERT INTO `student` VALUES ('2019253116', '2019253116', '123456', '倪辰', 2, '北京大学', '2019', '1358727399@qq.com', '计算机', 1901, '13603716371', 0, '2020-03-31 16:04:17');
INSERT INTO `student` VALUES ('2019253117', '2019253117', '123456', '史元全', 2, '北京大学', '2019', '1172408160@qq.com', '计算机', 1901, '13602182506', 0, '2020-03-31 16:04:17');
INSERT INTO `student` VALUES ('2019253118', '2019253118', '123456', '宋磊民', 2, '北京大学', '2019', '1465035710@qq.com', '计算机', 1901, '15902811178', 1, '2020-03-31 16:04:17');
INSERT INTO `student` VALUES ('2019253119', '2019253119', '123456', '祁纯毓', 2, '北京大学', '2019', '1066952047@qq.com', '计算机', 1901, '15808573157', 0, '2020-03-31 16:04:18');
INSERT INTO `student` VALUES ('2019253120', '2019253120', '123456', '殷融', 2, '北京大学', '2019', '1137996766@qq.com', '计算机', 1901, '13405893627', 1, '2020-03-31 16:04:18');
INSERT INTO `student` VALUES ('2019253121', '2019253121', '123456', '米健世', 2, '北京大学', '2019', '1798743817@qq.com', '计算机', 1901, '13003773456', 0, '2020-03-31 16:04:18');
INSERT INTO `student` VALUES ('2019253122', '2019253122', '123456', '明秀娟', 2, '北京大学', '2019', '1940469514@qq.com', '计算机', 1901, '13404290952', 0, '2020-03-31 16:04:18');
INSERT INTO `student` VALUES ('2019253123', '2019253123', '123456', '窦娣叶', 2, '北京大学', '2019', '1009014215@qq.com', '计算机', 1901, '13100236570', 1, '2020-03-31 16:04:18');
INSERT INTO `student` VALUES ('2019253124', '2019253124', '123456', '计冰爽', 2, '北京大学', '2019', '1606094523@qq.com', '计算机', 1901, '15702601224', 0, '2020-03-31 16:04:18');
INSERT INTO `student` VALUES ('2019253125', '2019253125', '123456', '谈舒', 2, '北京大学', '2019', '1208628615@qq.com', '计算机', 1901, '15003818062', 0, '2020-03-31 16:04:18');
INSERT INTO `student` VALUES ('2019253126', '2019253126', '123456', '顾眉', 2, '北京大学', '2019', '1107948352@qq.com', '计算机', 1901, '15107282488', 1, '2020-03-31 16:04:19');
INSERT INTO `student` VALUES ('2019253127', '2019253127', '123456', '褚新', 2, '北京大学', '2019', '1890980408@qq.com', '计算机', 1901, '15605921069', 1, '2020-03-31 16:04:19');
INSERT INTO `student` VALUES ('2019253128', '2019253128', '123456', '周春菊', 2, '北京大学', '2019', '1966296578@qq.com', '计算机', 1901, '13005820297', 0, '2020-03-31 16:04:19');
INSERT INTO `student` VALUES ('2019253129', '2019253129', '123456', '熊晓', 2, '北京大学', '2019', '1921255760@qq.com', '计算机', 1901, '15308567262', 0, '2020-03-31 16:04:19');
INSERT INTO `student` VALUES ('2019253130', '2019253130', '123456', '余岚苑', 2, '北京大学', '2019', '1677437923@qq.com', '计算机', 1901, '15304308001', 1, '2020-03-31 16:04:19');
INSERT INTO `student` VALUES ('2019253131', '2019253131', '123456', '汪咏卿', 2, '北京大学', '2019', '1999603741@qq.com', '计算机', 1901, '13001385871', 0, '2020-03-31 16:04:19');
INSERT INTO `student` VALUES ('2019253132', '2019253132', '123456', '屈红', 2, '北京大学', '2019', '1799655534@qq.com', '计算机', 1901, '13301538384', 1, '2020-03-31 16:04:19');
INSERT INTO `student` VALUES ('2019253133', '2019253133', '123456', '邹生龙', 2, '北京大学', '2019', '1019247336@qq.com', '计算机', 1901, '13605362553', 1, '2020-03-31 16:04:19');
INSERT INTO `student` VALUES ('2019253134', '2019253134', '123456', '倪山仁', 2, '北京大学', '2019', '1283366710@qq.com', '计算机', 1901, '15905396257', 0, '2020-03-31 16:04:19');
INSERT INTO `student` VALUES ('2019253135', '2019253135', '123456', '喻坚和', 2, '北京大学', '2019', '1594625485@qq.com', '计算机', 1901, '13608855055', 0, '2020-03-31 16:04:19');
INSERT INTO `student` VALUES ('2019253136', '2019253136', '123456', '戚盛', 2, '北京大学', '2019', '1336221903@qq.com', '计算机', 1901, '15606708614', 0, '2020-03-31 16:04:19');
INSERT INTO `student` VALUES ('2019253137', '2019253137', '123456', '乐发', 2, '北京大学', '2019', '1952019252@qq.com', '计算机', 1901, '13002970580', 0, '2020-03-31 16:04:19');
INSERT INTO `student` VALUES ('2019253138', '2019253138', '123456', '韦星', 2, '北京大学', '2019', '1227179479@qq.com', '计算机', 1901, '15208574865', 0, '2020-03-31 16:04:20');
INSERT INTO `student` VALUES ('2019253139', '2019253139', '123456', '唐明永', 2, '北京大学', '2019', '1158982878@qq.com', '计算机', 1901, '13507304825', 0, '2020-03-31 16:04:20');
INSERT INTO `student` VALUES ('2019253140', '2019253140', '123456', '曹辉力', 2, '北京大学', '2019', '1317928620@qq.com', '计算机', 1901, '15600438238', 0, '2020-03-31 16:04:20');
INSERT INTO `student` VALUES ('2019253141', '2019253141', '123456', '杜楠榕', 2, '北京大学', '2019', '1612760164@qq.com', '计算机', 1901, '13602362192', 0, '2020-03-31 16:04:20');
INSERT INTO `student` VALUES ('2019253142', '2019253142', '123456', '苗彬', 2, '北京大学', '2019', '1326239145@qq.com', '计算机', 1901, '13201425239', 0, '2020-03-31 16:04:20');
INSERT INTO `student` VALUES ('2019253143', '2019253143', '123456', '任丹', 2, '北京大学', '2019', '1460850717@qq.com', '计算机', 1901, '15808123448', 0, '2020-03-31 16:04:20');
INSERT INTO `student` VALUES ('2019253144', '2019253144', '123456', '朱真环', 2, '北京大学', '2019', '1336696503@qq.com', '计算机', 1901, '13708397491', 0, '2020-03-31 16:04:21');
INSERT INTO `student` VALUES ('2019253145', '2019253145', '123456', '喻欣', 2, '北京大学', '2019', '1764076576@qq.com', '计算机', 1901, '13904380381', 0, '2020-03-31 16:04:21');
INSERT INTO `student` VALUES ('2019253146', '2019253146', '123456', '杜进', 2, '北京大学', '2019', '1807429356@qq.com', '计算机', 1901, '15307768082', 0, '2020-03-31 16:04:21');
INSERT INTO `student` VALUES ('2019253147', '2019253147', '123456', '费国胜', 2, '北京大学', '2019', '1751333222@qq.com', '计算机', 1901, '13004227758', 0, '2020-03-31 16:04:21');
INSERT INTO `student` VALUES ('2019253148', '2019253148', '123456', '计有', 2, '北京大学', '2019', '1611573771@qq.com', '计算机', 1901, '15300275062', 0, '2020-03-31 16:04:21');
INSERT INTO `student` VALUES ('2019253149', '2019253149', '123456', '沈梁栋', 2, '北京大学', '2019', '1378891007@qq.com', '计算机', 1901, '15203263894', 0, '2020-03-31 16:04:21');
INSERT INTO `student` VALUES ('2019253150', '2019253150', '123456', '臧艺', 2, '北京大学', '2019', '1072722366@qq.com', '计算机', 1901, '15700102986', 1, '2020-03-31 16:04:21');
INSERT INTO `student` VALUES ('2019253151', '2019253151', '123456', '邹伟刚', 2, '北京大学', '2019', '1663026936@qq.com', '计算机', 1901, '13200214912', 1, '2020-03-31 16:04:21');
INSERT INTO `student` VALUES ('2019253152', '2019253152', '123456', '鲍刚', 2, '北京大学', '2019', '1664602481@qq.com', '计算机', 1901, '13908224032', 0, '2020-03-31 16:04:21');
INSERT INTO `student` VALUES ('2019253153', '2019253153', '123456', '萧俊峰', 2, '北京大学', '2019', '1676564510@qq.com', '计算机', 1901, '13206005405', 0, '2020-03-31 16:04:22');
INSERT INTO `student` VALUES ('2019253154', '2019253154', '123456', '臧梁栋', 2, '北京大学', '2019', '1052995554@qq.com', '计算机', 1901, '15506807247', 1, '2020-03-31 16:04:22');
INSERT INTO `student` VALUES ('2019253155', '2019253155', '123456', '祝子', 2, '北京大学', '2019', '1648054190@qq.com', '计算机', 1901, '13304790554', 0, '2020-03-31 16:04:22');
INSERT INTO `student` VALUES ('2019253156', '2019253156', '123456', '沈盛', 2, '北京大学', '2019', '1558596647@qq.com', '计算机', 1901, '13706062577', 0, '2020-03-31 16:04:22');
INSERT INTO `student` VALUES ('2019253157', '2019253157', '123456', '谢叶', 2, '北京大学', '2019', '1504350004@qq.com', '计算机', 1901, '13204126549', 0, '2020-03-31 16:04:22');
INSERT INTO `student` VALUES ('2019253158', '2019253158', '123456', '鲁咏卿', 2, '北京大学', '2019', '1659285589@qq.com', '计算机', 1901, '13608542851', 0, '2020-03-31 16:04:22');
INSERT INTO `student` VALUES ('2019253159', '2019253159', '123456', '曹倩', 2, '北京大学', '2019', '1044425487@qq.com', '计算机', 1901, '13601900215', 0, '2020-03-31 16:04:22');
INSERT INTO `student` VALUES ('2019253160', '2019253160', '123456', '戴峰', 2, '北京大学', '2019', '1120197279@qq.com', '计算机', 1901, '15106011572', 0, '2020-03-31 16:04:22');
INSERT INTO `student` VALUES ('2019254101', '2019254101', '123456', '赵浩亮', 2, '北京大学', '2019', '1551439003@qq.com', '软件工程', 1901, '13505125127', 1, '2020-03-31 16:06:06');
INSERT INTO `student` VALUES ('2019254102', '2019254102', '123456', '卞菲寒', 2, '北京大学', '2019', '1050719423@qq.com', '软件工程', 1901, '15804904927', 1, '2020-03-31 16:06:06');
INSERT INTO `student` VALUES ('2019254103', '2019254103', '123456', '葛家', 2, '北京大学', '2019', '1586861990@qq.com', '软件工程', 1901, '13604445841', 0, '2020-03-31 16:06:06');
INSERT INTO `student` VALUES ('2019254104', '2019254104', '123456', '吕嘉', 2, '北京大学', '2019', '1827286844@qq.com', '软件工程', 1901, '15205658984', 0, '2020-03-31 16:06:06');
INSERT INTO `student` VALUES ('2019254105', '2019254105', '123456', '邬清', 2, '北京大学', '2019', '1255463962@qq.com', '软件工程', 1901, '13007448079', 0, '2020-03-31 16:06:06');
INSERT INTO `student` VALUES ('2019254106', '2019254106', '123456', '苏学祥', 2, '北京大学', '2019', '1110543494@qq.com', '软件工程', 1901, '15208054294', 0, '2020-03-31 16:06:06');
INSERT INTO `student` VALUES ('2019254107', '2019254107', '123456', '马芝玉', 2, '北京大学', '2019', '1039316462@qq.com', '软件工程', 1901, '15200115470', 1, '2020-03-31 16:06:06');
INSERT INTO `student` VALUES ('2019254108', '2019254108', '123456', '云敬震', 2, '北京大学', '2019', '1880441268@qq.com', '软件工程', 1901, '13001260738', 1, '2020-03-31 16:06:06');
INSERT INTO `student` VALUES ('2019254109', '2019254109', '123456', '宋全', 2, '北京大学', '2019', '1666189026@qq.com', '软件工程', 1901, '13007791693', 1, '2020-03-31 16:06:07');
INSERT INTO `student` VALUES ('2019254110', '2019254110', '123456', '康苑', 2, '北京大学', '2019', '1188246945@qq.com', '软件工程', 1901, '13604936676', 1, '2020-03-31 16:06:07');
INSERT INTO `student` VALUES ('2019254111', '2019254111', '123456', '尹羽希', 2, '北京大学', '2019', '1356116072@qq.com', '软件工程', 1901, '13307840205', 0, '2020-03-31 16:06:07');
INSERT INTO `student` VALUES ('2019254112', '2019254112', '123456', '鲍义兴', 2, '北京大学', '2019', '1902030447@qq.com', '软件工程', 1901, '15204966979', 1, '2020-03-31 16:06:07');
INSERT INTO `student` VALUES ('2019254113', '2019254113', '123456', '云清', 2, '北京大学', '2019', '1010470881@qq.com', '软件工程', 1901, '13603440902', 0, '2020-03-31 16:06:07');
INSERT INTO `student` VALUES ('2019254114', '2019254114', '123456', '戴娟', 2, '北京大学', '2019', '1462265481@qq.com', '软件工程', 1901, '13903597786', 0, '2020-03-31 16:06:07');
INSERT INTO `student` VALUES ('2019254115', '2019254115', '123456', '汪福', 2, '北京大学', '2019', '1918668662@qq.com', '软件工程', 1901, '15205787430', 0, '2020-03-31 16:06:08');
INSERT INTO `student` VALUES ('2019254116', '2019254116', '123456', '屈泽', 2, '北京大学', '2019', '1994294625@qq.com', '软件工程', 1901, '13104365811', 0, '2020-03-31 16:06:08');
INSERT INTO `student` VALUES ('2019254117', '2019254117', '123456', '李滢馥', 2, '北京大学', '2019', '1958019598@qq.com', '软件工程', 1901, '13607196617', 0, '2020-03-31 16:06:08');
INSERT INTO `student` VALUES ('2019254118', '2019254118', '123456', '方超', 2, '北京大学', '2019', '1085888464@qq.com', '软件工程', 1901, '13404356920', 1, '2020-03-31 16:06:08');
INSERT INTO `student` VALUES ('2019254119', '2019254119', '123456', '陈昌成', 2, '北京大学', '2019', '1452361950@qq.com', '软件工程', 1901, '15802804961', 0, '2020-03-31 16:06:08');
INSERT INTO `student` VALUES ('2019254120', '2019254120', '123456', '纪炎德', 2, '北京大学', '2019', '1108214778@qq.com', '软件工程', 1901, '15306760885', 0, '2020-03-31 16:06:08');
INSERT INTO `student` VALUES ('2019254121', '2019254121', '123456', '吕龙', 2, '北京大学', '2019', '1746077496@qq.com', '软件工程', 1901, '15000545035', 0, '2020-03-31 16:06:08');
INSERT INTO `student` VALUES ('2019254122', '2019254122', '123456', '苗巧', 2, '北京大学', '2019', '1314645763@qq.com', '软件工程', 1901, '15507556383', 0, '2020-03-31 16:06:08');
INSERT INTO `student` VALUES ('2019254123', '2019254123', '123456', '杜澜', 2, '北京大学', '2019', '1158839936@qq.com', '软件工程', 1901, '13604614894', 0, '2020-03-31 16:06:08');
INSERT INTO `student` VALUES ('2019254124', '2019254124', '123456', '熊世', 2, '北京大学', '2019', '1225797661@qq.com', '软件工程', 1901, '13500874579', 0, '2020-03-31 16:06:08');
INSERT INTO `student` VALUES ('2019254125', '2019254125', '123456', '安泰盛', 2, '北京大学', '2019', '1494685775@qq.com', '软件工程', 1901, '15107975617', 0, '2020-03-31 16:06:08');
INSERT INTO `student` VALUES ('2019254126', '2019254126', '123456', '鲍山仁', 2, '北京大学', '2019', '1114464092@qq.com', '软件工程', 1901, '13605760092', 1, '2020-03-31 16:06:08');
INSERT INTO `student` VALUES ('2019254127', '2019254127', '123456', '任英华', 2, '北京大学', '2019', '1076481421@qq.com', '软件工程', 1901, '15503136993', 1, '2020-03-31 16:06:09');
INSERT INTO `student` VALUES ('2019254128', '2019254128', '123456', '成仪', 2, '北京大学', '2019', '1265211944@qq.com', '软件工程', 1901, '15302981655', 1, '2020-03-31 16:06:09');
INSERT INTO `student` VALUES ('2019254129', '2019254129', '123456', '杜固之', 2, '北京大学', '2019', '1450906024@qq.com', '软件工程', 1901, '15008304791', 1, '2020-03-31 16:06:09');
INSERT INTO `student` VALUES ('2019254130', '2019254130', '123456', '茅成', 2, '北京大学', '2019', '1737015459@qq.com', '软件工程', 1901, '13800952780', 0, '2020-03-31 16:06:09');
INSERT INTO `student` VALUES ('2019254131', '2019254131', '123456', '于磊民', 2, '北京大学', '2019', '1635777568@qq.com', '软件工程', 1901, '15607931925', 0, '2020-03-31 16:06:09');
INSERT INTO `student` VALUES ('2019254132', '2019254132', '123456', '柳芳', 2, '北京大学', '2019', '1830484095@qq.com', '软件工程', 1901, '13706950569', 0, '2020-03-31 16:06:09');
INSERT INTO `student` VALUES ('2019254133', '2019254133', '123456', '余海', 2, '北京大学', '2019', '1051495535@qq.com', '软件工程', 1901, '13704891330', 0, '2020-03-31 16:06:09');
INSERT INTO `student` VALUES ('2019254134', '2019254134', '123456', '卞霞香', 2, '北京大学', '2019', '1334925034@qq.com', '软件工程', 1901, '13100480633', 1, '2020-03-31 16:06:09');
INSERT INTO `student` VALUES ('2019254135', '2019254135', '123456', '倪学祥', 2, '北京大学', '2019', '1611131207@qq.com', '软件工程', 1901, '15107555810', 1, '2020-03-31 16:06:09');
INSERT INTO `student` VALUES ('2019254136', '2019254136', '123456', '严琦', 2, '北京大学', '2019', '1592290396@qq.com', '软件工程', 1901, '13906328892', 1, '2020-03-31 16:06:09');
INSERT INTO `student` VALUES ('2019254137', '2019254137', '123456', '余时', 2, '北京大学', '2019', '1239670430@qq.com', '软件工程', 1901, '13201590518', 1, '2020-03-31 16:06:09');
INSERT INTO `student` VALUES ('2019254138', '2019254138', '123456', '凤亚', 2, '北京大学', '2019', '1282748813@qq.com', '软件工程', 1901, '15301276714', 1, '2020-03-31 16:06:09');
INSERT INTO `student` VALUES ('2019254139', '2019254139', '123456', '褚言', 2, '北京大学', '2019', '1706304654@qq.com', '软件工程', 1901, '15708360649', 1, '2020-03-31 16:06:10');
INSERT INTO `student` VALUES ('2019254140', '2019254140', '123456', '禹发', 2, '北京大学', '2019', '1550503222@qq.com', '软件工程', 1901, '15101258148', 0, '2020-03-31 16:06:10');
INSERT INTO `student` VALUES ('2019254141', '2019254141', '123456', '彭亚', 2, '北京大学', '2019', '1716426868@qq.com', '软件工程', 1901, '13706551100', 1, '2020-03-31 16:06:10');
INSERT INTO `student` VALUES ('2019254142', '2019254142', '123456', '赵若鸣', 2, '北京大学', '2019', '1001143453@qq.com', '软件工程', 1901, '13500586474', 0, '2020-03-31 16:06:10');
INSERT INTO `student` VALUES ('2019254143', '2019254143', '123456', '苏振壮', 2, '北京大学', '2019', '1128602509@qq.com', '软件工程', 1901, '13007713265', 0, '2020-03-31 16:06:10');
INSERT INTO `student` VALUES ('2019254144', '2019254144', '123456', '魏君琴', 2, '北京大学', '2019', '1187533205@qq.com', '软件工程', 1901, '15603145688', 0, '2020-03-31 16:06:10');
INSERT INTO `student` VALUES ('2019254145', '2019254145', '123456', '阮清', 2, '北京大学', '2019', '1326254034@qq.com', '软件工程', 1901, '13101556782', 0, '2020-03-31 16:06:10');
INSERT INTO `student` VALUES ('2019254146', '2019254146', '123456', '陶仪', 2, '北京大学', '2019', '1444454169@qq.com', '软件工程', 1901, '15102578553', 0, '2020-03-31 16:06:10');
INSERT INTO `student` VALUES ('2019254147', '2019254147', '123456', '孙江超', 2, '北京大学', '2019', '1082729400@qq.com', '软件工程', 1901, '13300085346', 1, '2020-03-31 16:06:10');
INSERT INTO `student` VALUES ('2019254148', '2019254148', '123456', '罗保', 2, '北京大学', '2019', '1323624421@qq.com', '软件工程', 1901, '15307366857', 0, '2020-03-31 16:06:10');
INSERT INTO `student` VALUES ('2019254149', '2019254149', '123456', '陈菁梦', 2, '北京大学', '2019', '1960696357@qq.com', '软件工程', 1901, '15503606222', 1, '2020-03-31 16:06:11');
INSERT INTO `student` VALUES ('2019254150', '2019254150', '123456', '陶之', 2, '北京大学', '2019', '1738079004@qq.com', '软件工程', 1901, '15101498900', 1, '2020-03-31 16:06:11');
INSERT INTO `student` VALUES ('2019254151', '2019254151', '123456', '贝菲寒', 2, '北京大学', '2019', '1673112346@qq.com', '软件工程', 1901, '13301842690', 1, '2020-03-31 16:06:11');
INSERT INTO `student` VALUES ('2019254152', '2019254152', '123456', '茅士以', 2, '北京大学', '2019', '1291698991@qq.com', '软件工程', 1901, '13804657813', 0, '2020-03-31 16:06:11');
INSERT INTO `student` VALUES ('2019254153', '2019254153', '123456', '湛先', 2, '北京大学', '2019', '1051028534@qq.com', '软件工程', 1901, '13901004234', 1, '2020-03-31 16:06:11');
INSERT INTO `student` VALUES ('2019254154', '2019254154', '123456', '纪思', 2, '北京大学', '2019', '1507633347@qq.com', '软件工程', 1901, '13403936099', 0, '2020-03-31 16:06:11');
INSERT INTO `student` VALUES ('2019254155', '2019254155', '123456', '杜广志', 2, '北京大学', '2019', '1850691984@qq.com', '软件工程', 1901, '15202426390', 0, '2020-03-31 16:06:11');
INSERT INTO `student` VALUES ('2019254156', '2019254156', '123456', '王伯', 2, '北京大学', '2019', '1036802461@qq.com', '软件工程', 1901, '13406052420', 1, '2020-03-31 16:06:12');
INSERT INTO `student` VALUES ('2019254157', '2019254157', '123456', '奚翔旭', 2, '北京大学', '2019', '1466068504@qq.com', '软件工程', 1901, '15601417194', 0, '2020-03-31 16:06:12');
INSERT INTO `student` VALUES ('2019254158', '2019254158', '123456', '谈东文', 2, '北京大学', '2019', '1094342337@qq.com', '软件工程', 1901, '13204147851', 0, '2020-03-31 16:06:12');
INSERT INTO `student` VALUES ('2019254159', '2019254159', '123456', '萧亮', 2, '北京大学', '2019', '1807810851@qq.com', '软件工程', 1901, '13500583800', 0, '2020-03-31 16:06:12');
INSERT INTO `student` VALUES ('2019254160', '2019254160', '123456', '唐新', 2, '北京大学', '2019', '1551692638@qq.com', '软件工程', 1901, '15005468008', 0, '2020-03-31 16:06:12');
INSERT INTO `student` VALUES ('2019254201', '2019254201', '123456', '唐康星', 2, '北京大学', '2019', '1179726447@qq.com', '软件工程', 1902, '13800714945', 0, '2020-03-31 16:06:55');
INSERT INTO `student` VALUES ('2019254202', '2019254202', '123456', '薛毅', 2, '北京大学', '2019', '1278825856@qq.com', '软件工程', 1902, '13002833874', 1, '2020-03-31 16:06:55');
INSERT INTO `student` VALUES ('2019254203', '2019254203', '123456', '陈博', 2, '北京大学', '2019', '1410592593@qq.com', '软件工程', 1902, '13608750816', 0, '2020-03-31 16:06:55');
INSERT INTO `student` VALUES ('2019254204', '2019254204', '123456', '许林有', 2, '北京大学', '2019', '1892414074@qq.com', '软件工程', 1902, '13004811461', 0, '2020-03-31 16:06:55');
INSERT INTO `student` VALUES ('2019254205', '2019254205', '123456', '戴富顺', 2, '北京大学', '2019', '1116973778@qq.com', '软件工程', 1902, '13103532396', 0, '2020-03-31 16:06:55');
INSERT INTO `student` VALUES ('2019254206', '2019254206', '123456', '窦义兴', 2, '北京大学', '2019', '1214547818@qq.com', '软件工程', 1902, '15808022844', 0, '2020-03-31 16:06:55');
INSERT INTO `student` VALUES ('2019254207', '2019254207', '123456', '殷梅', 2, '北京大学', '2019', '1389004633@qq.com', '软件工程', 1902, '15300893109', 0, '2020-03-31 16:06:55');
INSERT INTO `student` VALUES ('2019254208', '2019254208', '123456', '黄固之', 2, '北京大学', '2019', '1760363306@qq.com', '软件工程', 1902, '15607603244', 0, '2020-03-31 16:06:56');
INSERT INTO `student` VALUES ('2019254209', '2019254209', '123456', '闵红', 2, '北京大学', '2019', '1774578248@qq.com', '软件工程', 1902, '15806815153', 1, '2020-03-31 16:06:56');
INSERT INTO `student` VALUES ('2019254210', '2019254210', '123456', '袁君琴', 2, '北京大学', '2019', '1435554445@qq.com', '软件工程', 1902, '15607796076', 1, '2020-03-31 16:06:56');
INSERT INTO `student` VALUES ('2019254211', '2019254211', '123456', '华翰', 2, '北京大学', '2019', '1737784743@qq.com', '软件工程', 1902, '15901698233', 0, '2020-03-31 16:06:56');
INSERT INTO `student` VALUES ('2019254212', '2019254212', '123456', '岑伊亚', 2, '北京大学', '2019', '1852404398@qq.com', '软件工程', 1902, '15606441224', 0, '2020-03-31 16:06:56');
INSERT INTO `student` VALUES ('2019254213', '2019254213', '123456', '曹维启', 2, '北京大学', '2019', '1791196600@qq.com', '软件工程', 1902, '13803145331', 0, '2020-03-31 16:06:56');
INSERT INTO `student` VALUES ('2019254214', '2019254214', '123456', '蓝时', 2, '北京大学', '2019', '1899490187@qq.com', '软件工程', 1902, '13202367671', 1, '2020-03-31 16:06:56');
INSERT INTO `student` VALUES ('2019254215', '2019254215', '123456', '朱影荔', 2, '北京大学', '2019', '1613015178@qq.com', '软件工程', 1902, '13900805004', 1, '2020-03-31 16:06:56');
INSERT INTO `student` VALUES ('2019254216', '2019254216', '123456', '茅祥', 2, '北京大学', '2019', '1367671242@qq.com', '软件工程', 1902, '13307565071', 0, '2020-03-31 16:06:56');
INSERT INTO `student` VALUES ('2019254217', '2019254217', '123456', '尤群豪', 2, '北京大学', '2019', '1589945387@qq.com', '软件工程', 1902, '13407666082', 0, '2020-03-31 16:06:56');
INSERT INTO `student` VALUES ('2019254218', '2019254218', '123456', '曹利清', 2, '北京大学', '2019', '1420593525@qq.com', '软件工程', 1902, '15207096014', 1, '2020-03-31 16:06:56');
INSERT INTO `student` VALUES ('2019254219', '2019254219', '123456', '袁子', 2, '北京大学', '2019', '1780252194@qq.com', '软件工程', 1902, '13907830158', 0, '2020-03-31 16:06:57');
INSERT INTO `student` VALUES ('2019254220', '2019254220', '123456', '祁刚', 2, '北京大学', '2019', '1453023620@qq.com', '软件工程', 1902, '15305143563', 1, '2020-03-31 16:06:57');
INSERT INTO `student` VALUES ('2019254221', '2019254221', '123456', '戚武新', 2, '北京大学', '2019', '1732231506@qq.com', '软件工程', 1902, '15303945832', 0, '2020-03-31 16:06:57');
INSERT INTO `student` VALUES ('2019254222', '2019254222', '123456', '曹荷丹', 2, '北京大学', '2019', '1550585254@qq.com', '软件工程', 1902, '13707885335', 0, '2020-03-31 16:06:57');
INSERT INTO `student` VALUES ('2019254223', '2019254223', '123456', '严斌', 2, '北京大学', '2019', '1178190674@qq.com', '软件工程', 1902, '13800210942', 1, '2020-03-31 16:06:57');
INSERT INTO `student` VALUES ('2019254224', '2019254224', '123456', '彭苑', 2, '北京大学', '2019', '1206717110@qq.com', '软件工程', 1902, '13206596867', 1, '2020-03-31 16:06:57');
INSERT INTO `student` VALUES ('2019254225', '2019254225', '123456', '鲁晨辰', 2, '北京大学', '2019', '1684642289@qq.com', '软件工程', 1902, '15502376599', 0, '2020-03-31 16:06:57');
INSERT INTO `student` VALUES ('2019254226', '2019254226', '123456', '苏秀娟', 2, '北京大学', '2019', '1039082349@qq.com', '软件工程', 1902, '15101991093', 0, '2020-03-31 16:06:57');
INSERT INTO `student` VALUES ('2019254227', '2019254227', '123456', '柳美娜', 2, '北京大学', '2019', '1095144372@qq.com', '软件工程', 1902, '15705426277', 0, '2020-03-31 16:06:57');
INSERT INTO `student` VALUES ('2019254228', '2019254228', '123456', '齐致树', 2, '北京大学', '2019', '1919190081@qq.com', '软件工程', 1902, '15603912822', 0, '2020-03-31 16:06:57');
INSERT INTO `student` VALUES ('2019254229', '2019254229', '123456', '庞生龙', 2, '北京大学', '2019', '1507128781@qq.com', '软件工程', 1902, '13706932275', 0, '2020-03-31 16:06:57');
INSERT INTO `student` VALUES ('2019254230', '2019254230', '123456', '奚贵福', 2, '北京大学', '2019', '1970982666@qq.com', '软件工程', 1902, '15305825752', 1, '2020-03-31 16:06:58');
INSERT INTO `student` VALUES ('2019254231', '2019254231', '123456', '吴武新', 2, '北京大学', '2019', '1202209332@qq.com', '软件工程', 1902, '13608679000', 1, '2020-03-31 16:06:58');
INSERT INTO `student` VALUES ('2019254232', '2019254232', '123456', '祝辉力', 2, '北京大学', '2019', '1479607876@qq.com', '软件工程', 1902, '13204133213', 0, '2020-03-31 16:06:58');
INSERT INTO `student` VALUES ('2019254233', '2019254233', '123456', '陈成', 2, '北京大学', '2019', '1491809586@qq.com', '软件工程', 1902, '13008885135', 0, '2020-03-31 16:06:58');
INSERT INTO `student` VALUES ('2019254234', '2019254234', '123456', '史壮', 2, '北京大学', '2019', '1475968119@qq.com', '软件工程', 1902, '15301550866', 0, '2020-03-31 16:06:58');
INSERT INTO `student` VALUES ('2019254235', '2019254235', '123456', '孙行时', 2, '北京大学', '2019', '1114574365@qq.com', '软件工程', 1902, '13400484901', 0, '2020-03-31 16:06:58');
INSERT INTO `student` VALUES ('2019254236', '2019254236', '123456', '倪君琴', 2, '北京大学', '2019', '1912056535@qq.com', '软件工程', 1902, '15803543399', 0, '2020-03-31 16:06:58');
INSERT INTO `student` VALUES ('2019254237', '2019254237', '123456', '柳怡婵', 2, '北京大学', '2019', '1390555467@qq.com', '软件工程', 1902, '13503267307', 1, '2020-03-31 16:06:58');
INSERT INTO `student` VALUES ('2019254238', '2019254238', '123456', '元元全', 2, '北京大学', '2019', '1489102909@qq.com', '软件工程', 1902, '15701543994', 0, '2020-03-31 16:06:59');
INSERT INTO `student` VALUES ('2019254239', '2019254239', '123456', '施谦', 2, '北京大学', '2019', '1086169222@qq.com', '软件工程', 1902, '15601576505', 0, '2020-03-31 16:06:59');
INSERT INTO `student` VALUES ('2019254240', '2019254240', '123456', '时凤', 2, '北京大学', '2019', '1102557574@qq.com', '软件工程', 1902, '15805388550', 0, '2020-03-31 16:06:59');
INSERT INTO `student` VALUES ('2019254241', '2019254241', '123456', '张固之', 2, '北京大学', '2019', '1153109470@qq.com', '软件工程', 1902, '15208713721', 1, '2020-03-31 16:06:59');
INSERT INTO `student` VALUES ('2019254242', '2019254242', '123456', '范梁栋', 2, '北京大学', '2019', '1719172416@qq.com', '软件工程', 1902, '15202824411', 0, '2020-03-31 16:06:59');
INSERT INTO `student` VALUES ('2019254243', '2019254243', '123456', '任舒', 2, '北京大学', '2019', '1414309745@qq.com', '软件工程', 1902, '13502407279', 0, '2020-03-31 16:06:59');
INSERT INTO `student` VALUES ('2019254244', '2019254244', '123456', '郑会思', 2, '北京大学', '2019', '1657385833@qq.com', '软件工程', 1902, '15105699002', 0, '2020-03-31 16:06:59');
INSERT INTO `student` VALUES ('2019254245', '2019254245', '123456', '严娜', 2, '北京大学', '2019', '1305385326@qq.com', '软件工程', 1902, '15502555116', 0, '2020-03-31 16:06:59');
INSERT INTO `student` VALUES ('2019254246', '2019254246', '123456', '沈子', 2, '北京大学', '2019', '1543942717@qq.com', '软件工程', 1902, '15205826176', 1, '2020-03-31 16:07:00');
INSERT INTO `student` VALUES ('2019254247', '2019254247', '123456', '齐辰', 2, '北京大学', '2019', '1948056906@qq.com', '软件工程', 1902, '15005297958', 1, '2020-03-31 16:07:00');
INSERT INTO `student` VALUES ('2019254248', '2019254248', '123456', '葛才发', 2, '北京大学', '2019', '1321579930@qq.com', '软件工程', 1902, '13107087922', 1, '2020-03-31 16:07:00');
INSERT INTO `student` VALUES ('2019254249', '2019254249', '123456', '雷晨辰', 2, '北京大学', '2019', '1672657273@qq.com', '软件工程', 1902, '13004418366', 0, '2020-03-31 16:07:00');
INSERT INTO `student` VALUES ('2019254250', '2019254250', '123456', '姚强军', 2, '北京大学', '2019', '1589121838@qq.com', '软件工程', 1902, '13407660787', 0, '2020-03-31 16:07:00');
INSERT INTO `student` VALUES ('2019255101', '2019255101', '123456', '薛有', 2, '北京大学', '2019', '1162644782@qq.com', '土木工程', 1901, '13901818612', 0, '2020-03-31 16:09:50');
INSERT INTO `student` VALUES ('2019255102', '2019255102', '123456', '邵瑾颖', 2, '北京大学', '2019', '1560218490@qq.com', '土木工程', 1901, '13607570681', 0, '2020-03-31 16:09:50');
INSERT INTO `student` VALUES ('2019255103', '2019255103', '123456', '许梁栋', 2, '北京大学', '2019', '1589579622@qq.com', '土木工程', 1901, '15900673026', 0, '2020-03-31 16:09:50');
INSERT INTO `student` VALUES ('2019255104', '2019255104', '123456', '杜珍贞', 2, '北京大学', '2019', '1589359574@qq.com', '土木工程', 1901, '13603046662', 0, '2020-03-31 16:09:50');
INSERT INTO `student` VALUES ('2019255105', '2019255105', '123456', '计娜', 2, '北京大学', '2019', '1916549037@qq.com', '土木工程', 1901, '15208423996', 0, '2020-03-31 16:09:50');
INSERT INTO `student` VALUES ('2019255106', '2019255106', '123456', '傅悦昭', 2, '北京大学', '2019', '1557649664@qq.com', '土木工程', 1901, '13801109039', 0, '2020-03-31 16:09:50');
INSERT INTO `student` VALUES ('2019255107', '2019255107', '123456', '陈亮', 2, '北京大学', '2019', '1111512586@qq.com', '土木工程', 1901, '13204516620', 0, '2020-03-31 16:09:50');
INSERT INTO `student` VALUES ('2019255108', '2019255108', '123456', '和维启', 2, '北京大学', '2019', '1804017892@qq.com', '土木工程', 1901, '15703470448', 0, '2020-03-31 16:09:50');
INSERT INTO `student` VALUES ('2019255109', '2019255109', '123456', '谢朋斌', 2, '北京大学', '2019', '1677792312@qq.com', '土木工程', 1901, '15307806665', 0, '2020-03-31 16:09:51');
INSERT INTO `student` VALUES ('2019255110', '2019255110', '123456', '祁浩亮', 2, '北京大学', '2019', '1755124223@qq.com', '土木工程', 1901, '15607922192', 0, '2020-03-31 16:09:51');
INSERT INTO `student` VALUES ('2019255111', '2019255111', '123456', '褚飘育', 2, '北京大学', '2019', '1840183401@qq.com', '土木工程', 1901, '13102471312', 0, '2020-03-31 16:09:51');
INSERT INTO `student` VALUES ('2019255112', '2019255112', '123456', '酆保', 2, '北京大学', '2019', '1794586459@qq.com', '土木工程', 1901, '15601978199', 0, '2020-03-31 16:09:51');
INSERT INTO `student` VALUES ('2019255113', '2019255113', '123456', '殷艳', 2, '北京大学', '2019', '1019859632@qq.com', '土木工程', 1901, '15908681481', 0, '2020-03-31 16:09:51');
INSERT INTO `student` VALUES ('2019255114', '2019255114', '123456', '蒋荣', 2, '北京大学', '2019', '1793445056@qq.com', '土木工程', 1901, '15502914776', 0, '2020-03-31 16:09:51');
INSERT INTO `student` VALUES ('2019255115', '2019255115', '123456', '赵斌', 2, '北京大学', '2019', '1325585081@qq.com', '土木工程', 1901, '15802154872', 0, '2020-03-31 16:09:51');
INSERT INTO `student` VALUES ('2019255116', '2019255116', '123456', '昌刚', 2, '北京大学', '2019', '1988629376@qq.com', '土木工程', 1901, '13902011844', 0, '2020-03-31 16:09:51');
INSERT INTO `student` VALUES ('2019255117', '2019255117', '123456', '酆韵融', 2, '北京大学', '2019', '1462309505@qq.com', '土木工程', 1901, '15807331449', 0, '2020-03-31 16:09:51');
INSERT INTO `student` VALUES ('2019255118', '2019255118', '123456', '卞亮', 2, '北京大学', '2019', '1395286289@qq.com', '土木工程', 1901, '13403826440', 0, '2020-03-31 16:09:51');
INSERT INTO `student` VALUES ('2019255119', '2019255119', '123456', '谢武新', 2, '北京大学', '2019', '1701213789@qq.com', '土木工程', 1901, '15208237578', 0, '2020-03-31 16:09:51');
INSERT INTO `student` VALUES ('2019255120', '2019255120', '123456', '元竹霭', 2, '北京大学', '2019', '1785139437@qq.com', '土木工程', 1901, '13100257391', 0, '2020-03-31 16:09:52');
INSERT INTO `student` VALUES ('2019255121', '2019255121', '123456', '黄义兴', 2, '北京大学', '2019', '1179368447@qq.com', '土木工程', 1901, '13902875920', 0, '2020-03-31 16:09:52');
INSERT INTO `student` VALUES ('2019255122', '2019255122', '123456', '尹蓉眉', 2, '北京大学', '2019', '1638295649@qq.com', '土木工程', 1901, '13406892790', 0, '2020-03-31 16:09:52');
INSERT INTO `student` VALUES ('2019255123', '2019255123', '123456', '戴叶', 2, '北京大学', '2019', '1498562329@qq.com', '土木工程', 1901, '13906166126', 0, '2020-03-31 16:09:52');
INSERT INTO `student` VALUES ('2019255124', '2019255124', '123456', '皮坚和', 2, '北京大学', '2019', '1572405833@qq.com', '土木工程', 1901, '15608627381', 0, '2020-03-31 16:09:52');
INSERT INTO `student` VALUES ('2019255125', '2019255125', '123456', '马妍', 2, '北京大学', '2019', '1555284649@qq.com', '土木工程', 1901, '13607867762', 0, '2020-03-31 16:09:52');
INSERT INTO `student` VALUES ('2019255126', '2019255126', '123456', '倪永', 2, '北京大学', '2019', '1556338590@qq.com', '土木工程', 1901, '13501937379', 0, '2020-03-31 16:09:52');
INSERT INTO `student` VALUES ('2019255127', '2019255127', '123456', '狄爱妹', 2, '北京大学', '2019', '1503773125@qq.com', '土木工程', 1901, '15100787017', 0, '2020-03-31 16:09:52');
INSERT INTO `student` VALUES ('2019255128', '2019255128', '123456', '方先', 2, '北京大学', '2019', '1421372003@qq.com', '土木工程', 1901, '15804813609', 0, '2020-03-31 16:09:52');
INSERT INTO `student` VALUES ('2019255129', '2019255129', '123456', '褚世', 2, '北京大学', '2019', '1193522325@qq.com', '土木工程', 1901, '13502793981', 1, '2020-03-31 16:10:19');
INSERT INTO `student` VALUES ('2019255130', '2019255130', '123456', '何伊亚', 2, '北京大学', '2019', '1667252381@qq.com', '土木工程', 1901, '13608516609', 1, '2020-03-31 16:10:19');
INSERT INTO `student` VALUES ('2019256101', '2019256101', '123456', '汤士以', 2, '北京大学', '2019', '1699637515@qq.com', '网络工程', 1901, '15608252593', 0, '2020-03-31 16:11:40');
INSERT INTO `student` VALUES ('2019256102', '2019256102', '123456', '姜馨', 2, '北京大学', '2019', '1283885074@qq.com', '网络工程', 1901, '15601755368', 0, '2020-03-31 16:11:40');
INSERT INTO `student` VALUES ('2019256103', '2019256103', '123456', '毕平保', 2, '北京大学', '2019', '1638859299@qq.com', '网络工程', 1901, '15503969000', 0, '2020-03-31 16:11:40');
INSERT INTO `student` VALUES ('2019256104', '2019256104', '123456', '蒋涛', 2, '北京大学', '2019', '1520872406@qq.com', '网络工程', 1901, '15108786958', 1, '2020-03-31 16:11:40');
INSERT INTO `student` VALUES ('2019256105', '2019256105', '123456', '苏康星', 2, '北京大学', '2019', '1678593544@qq.com', '网络工程', 1901, '15106743118', 0, '2020-03-31 16:11:40');
INSERT INTO `student` VALUES ('2019256106', '2019256106', '123456', '赵英华', 2, '北京大学', '2019', '1389829323@qq.com', '网络工程', 1901, '13705411042', 0, '2020-03-31 16:11:40');
INSERT INTO `student` VALUES ('2019256107', '2019256107', '123456', '皮钧冠', 2, '北京大学', '2019', '1113340370@qq.com', '网络工程', 1901, '13606992942', 0, '2020-03-31 16:11:40');
INSERT INTO `student` VALUES ('2019256108', '2019256108', '123456', '阮功', 2, '北京大学', '2019', '1011100607@qq.com', '网络工程', 1901, '13203153390', 1, '2020-03-31 16:11:40');
INSERT INTO `student` VALUES ('2019256109', '2019256109', '123456', '薛新', 2, '北京大学', '2019', '1158027196@qq.com', '网络工程', 1901, '13202115410', 1, '2020-03-31 16:11:41');
INSERT INTO `student` VALUES ('2019256110', '2019256110', '123456', '章俊峰', 2, '北京大学', '2019', '1128271310@qq.com', '网络工程', 1901, '13502487476', 1, '2020-03-31 16:11:41');
INSERT INTO `student` VALUES ('2019256111', '2019256111', '123456', '张秀娟', 2, '北京大学', '2019', '1751104281@qq.com', '网络工程', 1901, '15203818581', 0, '2020-03-31 16:11:41');
INSERT INTO `student` VALUES ('2019256112', '2019256112', '123456', '计建家', 2, '北京大学', '2019', '1303174668@qq.com', '网络工程', 1901, '13304451272', 1, '2020-03-31 16:11:41');
INSERT INTO `student` VALUES ('2019256113', '2019256113', '123456', '时瑞凡', 2, '北京大学', '2019', '1413413565@qq.com', '网络工程', 1901, '15708462518', 0, '2020-03-31 16:11:41');
INSERT INTO `student` VALUES ('2019256114', '2019256114', '123456', '郎栋', 2, '北京大学', '2019', '1339195092@qq.com', '网络工程', 1901, '15707293272', 1, '2020-03-31 16:11:41');
INSERT INTO `student` VALUES ('2019256115', '2019256115', '123456', '任勇毅', 2, '北京大学', '2019', '1311120793@qq.com', '网络工程', 1901, '13504573344', 0, '2020-03-31 16:11:41');
INSERT INTO `student` VALUES ('2019256116', '2019256116', '123456', '昌克伦', 2, '北京大学', '2019', '1325751163@qq.com', '网络工程', 1901, '15508016482', 0, '2020-03-31 16:11:41');
INSERT INTO `student` VALUES ('2019256117', '2019256117', '123456', '计超', 2, '北京大学', '2019', '1661030642@qq.com', '网络工程', 1901, '13203201154', 1, '2020-03-31 16:11:41');
INSERT INTO `student` VALUES ('2019256118', '2019256118', '123456', '蒋芬芳', 2, '北京大学', '2019', '1080953720@qq.com', '网络工程', 1901, '15807766531', 0, '2020-03-31 16:11:41');
INSERT INTO `student` VALUES ('2019256119', '2019256119', '123456', '熊枫芸', 2, '北京大学', '2019', '1445919872@qq.com', '网络工程', 1901, '13400800200', 1, '2020-03-31 16:11:41');
INSERT INTO `student` VALUES ('2019256120', '2019256120', '123456', '范浩亮', 2, '北京大学', '2019', '1191840099@qq.com', '网络工程', 1901, '13907121638', 0, '2020-03-31 16:11:41');
INSERT INTO `student` VALUES ('2019256121', '2019256121', '123456', '臧馨', 2, '北京大学', '2019', '1780151337@qq.com', '网络工程', 1901, '13406022569', 1, '2020-03-31 16:11:41');
INSERT INTO `student` VALUES ('2019256122', '2019256122', '123456', '戴利清', 2, '北京大学', '2019', '1404510138@qq.com', '网络工程', 1901, '13200037105', 1, '2020-03-31 16:11:41');
INSERT INTO `student` VALUES ('2019256123', '2019256123', '123456', '湛博', 2, '北京大学', '2019', '1079284533@qq.com', '网络工程', 1901, '13007677305', 1, '2020-03-31 16:11:41');
INSERT INTO `student` VALUES ('2019256124', '2019256124', '123456', '邹淑', 2, '北京大学', '2019', '1698585883@qq.com', '网络工程', 1901, '15506476352', 1, '2020-03-31 16:11:42');
INSERT INTO `student` VALUES ('2019256125', '2019256125', '123456', '禹嘉', 2, '北京大学', '2019', '1079498815@qq.com', '网络工程', 1901, '13908771178', 1, '2020-03-31 16:11:42');
INSERT INTO `student` VALUES ('2019256126', '2019256126', '123456', '萧仁', 2, '北京大学', '2019', '1665449866@qq.com', '网络工程', 1901, '15901901340', 0, '2020-03-31 16:11:42');
INSERT INTO `student` VALUES ('2019256127', '2019256127', '123456', '吕坚和', 2, '北京大学', '2019', '1325198920@qq.com', '网络工程', 1901, '13805965539', 0, '2020-03-31 16:11:42');
INSERT INTO `student` VALUES ('2019256128', '2019256128', '123456', '许倩', 2, '北京大学', '2019', '1377036487@qq.com', '网络工程', 1901, '15802938330', 0, '2020-03-31 16:11:42');
INSERT INTO `student` VALUES ('2019256129', '2019256129', '123456', '喻士以', 2, '北京大学', '2019', '1228902995@qq.com', '网络工程', 1901, '15805126327', 0, '2020-03-31 16:11:43');
INSERT INTO `student` VALUES ('2019256130', '2019256130', '123456', '苏胜', 2, '北京大学', '2019', '1917042308@qq.com', '网络工程', 1901, '15003487861', 1, '2020-03-31 16:11:43');
INSERT INTO `student` VALUES ('2019256131', '2019256131', '123456', '岑平保', 2, '北京大学', '2019', '1067364226@qq.com', '网络工程', 1901, '13906575021', 1, '2020-03-31 16:11:43');
INSERT INTO `student` VALUES ('2019256132', '2019256132', '123456', '贝颖', 2, '北京大学', '2019', '1550625094@qq.com', '网络工程', 1901, '15101909008', 1, '2020-03-31 16:11:43');
INSERT INTO `student` VALUES ('2019256133', '2019256133', '123456', '赵晓', 2, '北京大学', '2019', '1040861929@qq.com', '网络工程', 1901, '13606533815', 0, '2020-03-31 16:11:43');
INSERT INTO `student` VALUES ('2019256134', '2019256134', '123456', '姜康星', 2, '北京大学', '2019', '1741159715@qq.com', '网络工程', 1901, '13001808887', 1, '2020-03-31 16:11:43');
INSERT INTO `student` VALUES ('2019256135', '2019256135', '123456', '俞天', 2, '北京大学', '2019', '1249354390@qq.com', '网络工程', 1901, '15501357410', 0, '2020-03-31 16:11:43');
INSERT INTO `student` VALUES ('2019256136', '2019256136', '123456', '鲁彩', 2, '北京大学', '2019', '1631956022@qq.com', '网络工程', 1901, '13406551954', 0, '2020-03-31 16:11:43');
INSERT INTO `student` VALUES ('2019256137', '2019256137', '123456', '朱福', 2, '北京大学', '2019', '1027338521@qq.com', '网络工程', 1901, '15904713617', 1, '2020-03-31 16:11:43');
INSERT INTO `student` VALUES ('2019256138', '2019256138', '123456', '赵才发', 2, '北京大学', '2019', '1147023303@qq.com', '网络工程', 1901, '13002780489', 0, '2020-03-31 16:11:43');
INSERT INTO `student` VALUES ('2019256139', '2019256139', '123456', '窦义兴', 2, '北京大学', '2019', '1798279352@qq.com', '网络工程', 1901, '15200933313', 0, '2020-03-31 16:11:43');
INSERT INTO `student` VALUES ('2019256140', '2019256140', '123456', '郑永', 2, '北京大学', '2019', '1992705740@qq.com', '网络工程', 1901, '15008184885', 0, '2020-03-31 16:11:43');
INSERT INTO `student` VALUES ('2019256141', '2019256141', '123456', '康梁栋', 2, '北京大学', '2019', '1655814167@qq.com', '网络工程', 1901, '15902453985', 1, '2020-03-31 16:11:43');
INSERT INTO `student` VALUES ('2019256142', '2019256142', '123456', '岑梅', 2, '北京大学', '2019', '1572583821@qq.com', '网络工程', 1901, '15103860726', 0, '2020-03-31 16:11:43');
INSERT INTO `student` VALUES ('2019256143', '2019256143', '123456', '杨海', 2, '北京大学', '2019', '1213810733@qq.com', '网络工程', 1901, '13407639067', 0, '2020-03-31 16:11:44');
INSERT INTO `student` VALUES ('2019256144', '2019256144', '123456', '时腾', 2, '北京大学', '2019', '1990631011@qq.com', '网络工程', 1901, '13708174471', 0, '2020-03-31 16:11:44');
INSERT INTO `student` VALUES ('2019256145', '2019256145', '123456', '席平保', 2, '北京大学', '2019', '1530684079@qq.com', '网络工程', 1901, '13406474693', 0, '2020-03-31 16:11:44');
INSERT INTO `student` VALUES ('2019256146', '2019256146', '123456', '柳和', 2, '北京大学', '2019', '1241465981@qq.com', '网络工程', 1901, '13600293419', 0, '2020-03-31 16:11:44');
INSERT INTO `student` VALUES ('2019256147', '2019256147', '123456', '蓝鸣', 2, '北京大学', '2019', '1059015186@qq.com', '网络工程', 1901, '13704193769', 1, '2020-03-31 16:11:44');
INSERT INTO `student` VALUES ('2019256148', '2019256148', '123456', '余进', 2, '北京大学', '2019', '1888019463@qq.com', '网络工程', 1901, '13106543020', 0, '2020-03-31 16:11:44');
INSERT INTO `student` VALUES ('2019256149', '2019256149', '123456', '伍言', 2, '北京大学', '2019', '1744047447@qq.com', '网络工程', 1901, '13601944276', 0, '2020-03-31 16:11:44');
INSERT INTO `student` VALUES ('2019256150', '2019256150', '123456', '尤克伦', 2, '北京大学', '2019', '1692927496@qq.com', '网络工程', 1901, '15206614057', 0, '2020-03-31 16:11:44');
INSERT INTO `student` VALUES ('2019256201', '2019256201', '123456', '韦晨辰', 2, '北京大学', '2019', '1115222209@qq.com', '网络工程', 1902, '13904222241', 0, '2020-03-31 16:12:37');
INSERT INTO `student` VALUES ('2019256202', '2019256202', '123456', '乐辰', 2, '北京大学', '2019', '1319283547@qq.com', '网络工程', 1902, '13007183609', 1, '2020-03-31 16:12:37');
INSERT INTO `student` VALUES ('2019256203', '2019256203', '123456', '纪安', 2, '北京大学', '2019', '1968035965@qq.com', '网络工程', 1902, '13807864913', 0, '2020-03-31 16:12:37');
INSERT INTO `student` VALUES ('2019256204', '2019256204', '123456', '阮英华', 2, '北京大学', '2019', '1261437192@qq.com', '网络工程', 1902, '13800686182', 0, '2020-03-31 16:12:37');
INSERT INTO `student` VALUES ('2019256205', '2019256205', '123456', '项荷丹', 2, '北京大学', '2019', '1640696733@qq.com', '网络工程', 1902, '13203685022', 1, '2020-03-31 16:12:37');
INSERT INTO `student` VALUES ('2019256206', '2019256206', '123456', '彭雅', 2, '北京大学', '2019', '1550549085@qq.com', '网络工程', 1902, '13706492898', 0, '2020-03-31 16:12:37');
INSERT INTO `student` VALUES ('2019256207', '2019256207', '123456', '卫富顺', 2, '北京大学', '2019', '1354246608@qq.com', '网络工程', 1902, '13706706832', 0, '2020-03-31 16:12:37');
INSERT INTO `student` VALUES ('2019256208', '2019256208', '123456', '戚荣', 2, '北京大学', '2019', '1772900414@qq.com', '网络工程', 1902, '13803707907', 1, '2020-03-31 16:12:37');
INSERT INTO `student` VALUES ('2019256209', '2019256209', '123456', '方利清', 2, '北京大学', '2019', '1536731144@qq.com', '网络工程', 1902, '15101430306', 1, '2020-03-31 16:12:38');
INSERT INTO `student` VALUES ('2019256210', '2019256210', '123456', '魏楠榕', 2, '北京大学', '2019', '1268752449@qq.com', '网络工程', 1902, '13508884787', 1, '2020-03-31 16:12:38');
INSERT INTO `student` VALUES ('2019256211', '2019256211', '123456', '云红', 2, '北京大学', '2019', '1080021479@qq.com', '网络工程', 1902, '15504955545', 0, '2020-03-31 16:12:38');
INSERT INTO `student` VALUES ('2019256212', '2019256212', '123456', '和承乐', 2, '北京大学', '2019', '1277257778@qq.com', '网络工程', 1902, '13000551455', 0, '2020-03-31 16:12:38');
INSERT INTO `student` VALUES ('2019256213', '2019256213', '123456', '茅清', 2, '北京大学', '2019', '1556612386@qq.com', '网络工程', 1902, '15202607807', 0, '2020-03-31 16:12:38');
INSERT INTO `student` VALUES ('2019256214', '2019256214', '123456', '臧振壮', 2, '北京大学', '2019', '1680269043@qq.com', '网络工程', 1902, '15300510538', 0, '2020-03-31 16:12:38');
INSERT INTO `student` VALUES ('2019256215', '2019256215', '123456', '戴之', 2, '北京大学', '2019', '1309251318@qq.com', '网络工程', 1902, '15007732058', 0, '2020-03-31 16:12:38');
INSERT INTO `student` VALUES ('2019256216', '2019256216', '123456', '倪利清', 2, '北京大学', '2019', '1952120470@qq.com', '网络工程', 1902, '13507747383', 1, '2020-03-31 16:12:38');
INSERT INTO `student` VALUES ('2019256217', '2019256217', '123456', '宋伟刚', 2, '北京大学', '2019', '1765642426@qq.com', '网络工程', 1902, '15304768019', 0, '2020-03-31 16:12:39');
INSERT INTO `student` VALUES ('2019256218', '2019256218', '123456', '周力', 2, '北京大学', '2019', '1852030131@qq.com', '网络工程', 1902, '13006223579', 0, '2020-03-31 16:12:39');
INSERT INTO `student` VALUES ('2019256219', '2019256219', '123456', '薛顺', 2, '北京大学', '2019', '1867642978@qq.com', '网络工程', 1902, '13005806631', 1, '2020-03-31 16:12:39');
INSERT INTO `student` VALUES ('2019256220', '2019256220', '123456', '闵纨仪', 2, '北京大学', '2019', '1173688068@qq.com', '网络工程', 1902, '15002438337', 0, '2020-03-31 16:12:39');
INSERT INTO `student` VALUES ('2019256221', '2019256221', '123456', '唐强军', 2, '北京大学', '2019', '1017314380@qq.com', '网络工程', 1902, '13302364592', 1, '2020-03-31 16:12:39');
INSERT INTO `student` VALUES ('2019256222', '2019256222', '123456', '滕芸', 2, '北京大学', '2019', '1417747339@qq.com', '网络工程', 1902, '13105385035', 0, '2020-03-31 16:12:39');
INSERT INTO `student` VALUES ('2019256223', '2019256223', '123456', '皮玲', 2, '北京大学', '2019', '1225092272@qq.com', '网络工程', 1902, '15802258850', 0, '2020-03-31 16:12:39');
INSERT INTO `student` VALUES ('2019256224', '2019256224', '123456', '方凡', 2, '北京大学', '2019', '1943551835@qq.com', '网络工程', 1902, '13004338996', 0, '2020-03-31 16:12:39');
INSERT INTO `student` VALUES ('2019256225', '2019256225', '123456', '孔文', 2, '北京大学', '2019', '1389970438@qq.com', '网络工程', 1902, '15508027234', 0, '2020-03-31 16:12:39');
INSERT INTO `student` VALUES ('2019256226', '2019256226', '123456', '魏星', 2, '北京大学', '2019', '1066262083@qq.com', '网络工程', 1902, '13700252218', 0, '2020-03-31 16:12:39');
INSERT INTO `student` VALUES ('2019256227', '2019256227', '123456', '顾叶', 2, '北京大学', '2019', '1677700807@qq.com', '网络工程', 1902, '15505593724', 0, '2020-03-31 16:12:39');
INSERT INTO `student` VALUES ('2019256228', '2019256228', '123456', '张祥', 2, '北京大学', '2019', '1199638531@qq.com', '网络工程', 1902, '15104708998', 1, '2020-03-31 16:12:39');
INSERT INTO `student` VALUES ('2019256229', '2019256229', '123456', '毛炎德', 2, '北京大学', '2019', '1888245026@qq.com', '网络工程', 1902, '13708411957', 0, '2020-03-31 16:12:40');
INSERT INTO `student` VALUES ('2019256230', '2019256230', '123456', '华滢馥', 2, '北京大学', '2019', '1227940682@qq.com', '网络工程', 1902, '13208743640', 1, '2020-03-31 16:12:40');
INSERT INTO `student` VALUES ('2019256231', '2019256231', '123456', '卜影荔', 2, '北京大学', '2019', '1328800469@qq.com', '网络工程', 1902, '13506015239', 1, '2020-03-31 16:12:40');
INSERT INTO `student` VALUES ('2019256232', '2019256232', '123456', '蒋诚先', 2, '北京大学', '2019', '1460296373@qq.com', '网络工程', 1902, '15104052840', 0, '2020-03-31 16:12:40');
INSERT INTO `student` VALUES ('2019256233', '2019256233', '123456', '云固之', 2, '北京大学', '2019', '1227137616@qq.com', '网络工程', 1902, '15305515022', 1, '2020-03-31 16:12:40');
INSERT INTO `student` VALUES ('2019256234', '2019256234', '123456', '范富顺', 2, '北京大学', '2019', '1323644221@qq.com', '网络工程', 1902, '13704227367', 0, '2020-03-31 16:12:40');
INSERT INTO `student` VALUES ('2019256235', '2019256235', '123456', '窦晨辰', 2, '北京大学', '2019', '1988950453@qq.com', '网络工程', 1902, '15906928376', 1, '2020-03-31 16:12:40');
INSERT INTO `student` VALUES ('2019256236', '2019256236', '123456', '王毅', 2, '北京大学', '2019', '1383974513@qq.com', '网络工程', 1902, '13304704727', 0, '2020-03-31 16:12:40');
INSERT INTO `student` VALUES ('2019256237', '2019256237', '123456', '许谦', 2, '北京大学', '2019', '1834140065@qq.com', '网络工程', 1902, '15703648020', 0, '2020-03-31 16:12:40');
INSERT INTO `student` VALUES ('2019256238', '2019256238', '123456', '戴钧冠', 2, '北京大学', '2019', '1201714214@qq.com', '网络工程', 1902, '13204986448', 0, '2020-03-31 16:12:40');
INSERT INTO `student` VALUES ('2019256239', '2019256239', '123456', '鲍全', 2, '北京大学', '2019', '1569231669@qq.com', '网络工程', 1902, '15108368467', 1, '2020-03-31 16:12:40');
INSERT INTO `student` VALUES ('2019256240', '2019256240', '123456', '奚中', 2, '北京大学', '2019', '1068158351@qq.com', '网络工程', 1902, '15201887621', 0, '2020-03-31 16:12:40');
INSERT INTO `student` VALUES ('2019256301', '2019256301', '123456', '钱飘育', 2, '北京大学', '2019', '1451060462@qq.com', '网络工程', 1903, '13603013155', 0, '2020-03-31 16:13:09');
INSERT INTO `student` VALUES ('2019256302', '2019256302', '123456', '禹利清', 2, '北京大学', '2019', '1307236422@qq.com', '网络工程', 1903, '15208276773', 0, '2020-03-31 16:13:09');
INSERT INTO `student` VALUES ('2019256303', '2019256303', '123456', '喻启', 2, '北京大学', '2019', '1510048644@qq.com', '网络工程', 1903, '13901441329', 0, '2020-03-31 16:13:10');
INSERT INTO `student` VALUES ('2019256304', '2019256304', '123456', '伍鹏泽', 2, '北京大学', '2019', '1104078587@qq.com', '网络工程', 1903, '13908301935', 0, '2020-03-31 16:13:10');
INSERT INTO `student` VALUES ('2019256305', '2019256305', '123456', '昌翰', 2, '北京大学', '2019', '1932829321@qq.com', '网络工程', 1903, '15303844427', 0, '2020-03-31 16:13:10');
INSERT INTO `student` VALUES ('2019256306', '2019256306', '123456', '贝翠雅', 2, '北京大学', '2019', '1459866826@qq.com', '网络工程', 1903, '13001533007', 1, '2020-03-31 16:13:10');
INSERT INTO `student` VALUES ('2019256307', '2019256307', '123456', '任莲', 2, '北京大学', '2019', '1570256036@qq.com', '网络工程', 1903, '15302300382', 0, '2020-03-31 16:13:10');
INSERT INTO `student` VALUES ('2019256308', '2019256308', '123456', '周国胜', 2, '北京大学', '2019', '1735699205@qq.com', '网络工程', 1903, '13906221994', 0, '2020-03-31 16:13:10');
INSERT INTO `student` VALUES ('2019256309', '2019256309', '123456', '褚元全', 2, '北京大学', '2019', '1721766793@qq.com', '网络工程', 1903, '13803131104', 0, '2020-03-31 16:13:10');
INSERT INTO `student` VALUES ('2019256310', '2019256310', '123456', '庞青倩', 2, '北京大学', '2019', '1881512550@qq.com', '网络工程', 1903, '13205265916', 1, '2020-03-31 16:13:10');
INSERT INTO `student` VALUES ('2019256311', '2019256311', '123456', '吕馨', 2, '北京大学', '2019', '1973286865@qq.com', '网络工程', 1903, '15908595911', 1, '2020-03-31 16:13:10');
INSERT INTO `student` VALUES ('2019256312', '2019256312', '123456', '项玲', 2, '北京大学', '2019', '1203635766@qq.com', '网络工程', 1903, '15307336154', 1, '2020-03-31 16:13:10');
INSERT INTO `student` VALUES ('2019256313', '2019256313', '123456', '戴钧冠', 2, '北京大学', '2019', '1190308457@qq.com', '网络工程', 1903, '15201578224', 0, '2020-03-31 16:13:10');
INSERT INTO `student` VALUES ('2019256314', '2019256314', '123456', '吴贞', 2, '北京大学', '2019', '1552123459@qq.com', '网络工程', 1903, '13801017391', 0, '2020-03-31 16:13:11');
INSERT INTO `student` VALUES ('2019256315', '2019256315', '123456', '湛可', 2, '北京大学', '2019', '1788980608@qq.com', '网络工程', 1903, '13208311701', 0, '2020-03-31 16:13:11');
INSERT INTO `student` VALUES ('2019256316', '2019256316', '123456', '金影荔', 2, '北京大学', '2019', '1203497085@qq.com', '网络工程', 1903, '15004322875', 0, '2020-03-31 16:13:11');
INSERT INTO `student` VALUES ('2019256317', '2019256317', '123456', '卞会思', 2, '北京大学', '2019', '1125201213@qq.com', '网络工程', 1903, '15708242619', 0, '2020-03-31 16:13:11');
INSERT INTO `student` VALUES ('2019256318', '2019256318', '123456', '常苑', 2, '北京大学', '2019', '1990450179@qq.com', '网络工程', 1903, '13506187016', 1, '2020-03-31 16:13:11');
INSERT INTO `student` VALUES ('2019256319', '2019256319', '123456', '明壮', 2, '北京大学', '2019', '1393099392@qq.com', '网络工程', 1903, '13002284152', 0, '2020-03-31 16:13:11');
INSERT INTO `student` VALUES ('2019256320', '2019256320', '123456', '沈伦', 2, '北京大学', '2019', '1253682955@qq.com', '网络工程', 1903, '15605204887', 0, '2020-03-31 16:13:11');
INSERT INTO `student` VALUES ('2019256321', '2019256321', '123456', '邬裕', 2, '北京大学', '2019', '1405305312@qq.com', '网络工程', 1903, '13404606658', 1, '2020-03-31 16:13:11');
INSERT INTO `student` VALUES ('2019256322', '2019256322', '123456', '戴岚苑', 2, '北京大学', '2019', '1055812561@qq.com', '网络工程', 1903, '13506546594', 0, '2020-03-31 16:13:12');
INSERT INTO `student` VALUES ('2019256323', '2019256323', '123456', '贺雄琛', 2, '北京大学', '2019', '1389941183@qq.com', '网络工程', 1903, '15306827071', 0, '2020-03-31 16:13:12');
INSERT INTO `student` VALUES ('2019256324', '2019256324', '123456', '花梦', 2, '北京大学', '2019', '1802161884@qq.com', '网络工程', 1903, '13106401397', 0, '2020-03-31 16:13:12');
INSERT INTO `student` VALUES ('2019256325', '2019256325', '123456', '马茂进', 2, '北京大学', '2019', '1914911924@qq.com', '网络工程', 1903, '13703008338', 0, '2020-03-31 16:13:12');
INSERT INTO `student` VALUES ('2019256326', '2019256326', '123456', '赵德', 2, '北京大学', '2019', '1907425225@qq.com', '网络工程', 1903, '13503582561', 0, '2020-03-31 16:13:12');
INSERT INTO `student` VALUES ('2019256327', '2019256327', '123456', '俞苑', 2, '北京大学', '2019', '1879894502@qq.com', '网络工程', 1903, '15803167526', 1, '2020-03-31 16:13:12');
INSERT INTO `student` VALUES ('2019256328', '2019256328', '123456', '薛才发', 2, '北京大学', '2019', '1918211156@qq.com', '网络工程', 1903, '15106192996', 0, '2020-03-31 16:13:12');
INSERT INTO `student` VALUES ('2019256329', '2019256329', '123456', '祁山仁', 2, '北京大学', '2019', '1634168187@qq.com', '网络工程', 1903, '15801962944', 0, '2020-03-31 16:13:12');
INSERT INTO `student` VALUES ('2019256330', '2019256330', '123456', '秦环', 2, '北京大学', '2019', '1354015129@qq.com', '网络工程', 1903, '13801707235', 1, '2020-03-31 16:13:12');
INSERT INTO `student` VALUES ('2019256331', '2019256331', '123456', '韩松善', 2, '北京大学', '2019', '1699254755@qq.com', '网络工程', 1903, '13700817774', 0, '2020-03-31 16:13:12');
INSERT INTO `student` VALUES ('2019256332', '2019256332', '123456', '梁毅', 2, '北京大学', '2019', '1794130766@qq.com', '网络工程', 1903, '15900222062', 1, '2020-03-31 16:13:12');
INSERT INTO `student` VALUES ('2019256333', '2019256333', '123456', '戚彩', 2, '北京大学', '2019', '1439358642@qq.com', '网络工程', 1903, '15907076929', 1, '2020-03-31 16:13:13');
INSERT INTO `student` VALUES ('2019256334', '2019256334', '123456', '狄轮翰', 2, '北京大学', '2019', '1171619792@qq.com', '网络工程', 1903, '15902474750', 1, '2020-03-31 16:13:13');
INSERT INTO `student` VALUES ('2019256335', '2019256335', '123456', '张文', 2, '北京大学', '2019', '1265281962@qq.com', '网络工程', 1903, '15103088877', 0, '2020-03-31 16:13:13');
INSERT INTO `student` VALUES ('2019256336', '2019256336', '123456', '阮辰', 2, '北京大学', '2019', '1362745556@qq.com', '网络工程', 1903, '13000741348', 0, '2020-03-31 16:13:13');
INSERT INTO `student` VALUES ('2019256337', '2019256337', '123456', '戴启', 2, '北京大学', '2019', '1827066001@qq.com', '网络工程', 1903, '15004066163', 1, '2020-03-31 16:13:13');
INSERT INTO `student` VALUES ('2019256338', '2019256338', '123456', '纪功', 2, '北京大学', '2019', '1057586939@qq.com', '网络工程', 1903, '15304254571', 0, '2020-03-31 16:13:13');
INSERT INTO `student` VALUES ('2019256339', '2019256339', '123456', '柏震', 2, '北京大学', '2019', '1914064113@qq.com', '网络工程', 1903, '13802224790', 0, '2020-03-31 16:13:13');
INSERT INTO `student` VALUES ('2019256340', '2019256340', '123456', '朱茂进', 2, '北京大学', '2019', '1451181828@qq.com', '网络工程', 1903, '13507831784', 1, '2020-03-31 16:13:13');
INSERT INTO `student` VALUES ('2019257101', '2019257101', '123456', '宋岩中', 2, '北京大学', '2019', '1983023356@qq.com', '工程造价', 1901, '15108116728', 0, '2020-03-31 16:14:46');
INSERT INTO `student` VALUES ('2019257102', '2019257102', '123456', '舒雁蓓', 2, '北京大学', '2019', '1660288343@qq.com', '工程造价', 1901, '13200681455', 0, '2020-03-31 16:14:46');
INSERT INTO `student` VALUES ('2019257103', '2019257103', '123456', '赵承乐', 2, '北京大学', '2019', '1371459563@qq.com', '工程造价', 1901, '13404124307', 0, '2020-03-31 16:14:46');
INSERT INTO `student` VALUES ('2019257104', '2019257104', '123456', '卫军', 2, '北京大学', '2019', '1618949853@qq.com', '工程造价', 1901, '13705644996', 1, '2020-03-31 16:14:46');
INSERT INTO `student` VALUES ('2019257105', '2019257105', '123456', '汤锦黛', 2, '北京大学', '2019', '1661964670@qq.com', '工程造价', 1901, '13505578250', 1, '2020-03-31 16:14:46');
INSERT INTO `student` VALUES ('2019257106', '2019257106', '123456', '倪裕', 2, '北京大学', '2019', '1005521606@qq.com', '工程造价', 1901, '13201591571', 0, '2020-03-31 16:14:46');
INSERT INTO `student` VALUES ('2019257107', '2019257107', '123456', '严霭', 2, '北京大学', '2019', '1143800020@qq.com', '工程造价', 1901, '15005848731', 0, '2020-03-31 16:14:46');
INSERT INTO `student` VALUES ('2019257108', '2019257108', '123456', '韩士以', 2, '北京大学', '2019', '1289236808@qq.com', '工程造价', 1901, '15106058466', 0, '2020-03-31 16:14:47');
INSERT INTO `student` VALUES ('2019257109', '2019257109', '123456', '姚之', 2, '北京大学', '2019', '1832992278@qq.com', '工程造价', 1901, '13602011127', 1, '2020-03-31 16:14:47');
INSERT INTO `student` VALUES ('2019257110', '2019257110', '123456', '方思', 2, '北京大学', '2019', '1989963715@qq.com', '工程造价', 1901, '13600614939', 0, '2020-03-31 16:14:47');
INSERT INTO `student` VALUES ('2019257111', '2019257111', '123456', '纪洁梅', 2, '北京大学', '2019', '1383214415@qq.com', '工程造价', 1901, '13308227892', 1, '2020-03-31 16:14:47');
INSERT INTO `student` VALUES ('2019257112', '2019257112', '123456', '元勤', 2, '北京大学', '2019', '1866987541@qq.com', '工程造价', 1901, '13104211910', 0, '2020-03-31 16:14:47');
INSERT INTO `student` VALUES ('2019257113', '2019257113', '123456', '卞时', 2, '北京大学', '2019', '1735210726@qq.com', '工程造价', 1901, '15100535297', 0, '2020-03-31 16:14:47');
INSERT INTO `student` VALUES ('2019257114', '2019257114', '123456', '平心邦', 2, '北京大学', '2019', '1837081939@qq.com', '工程造价', 1901, '15702721844', 0, '2020-03-31 16:14:47');
INSERT INTO `student` VALUES ('2019257115', '2019257115', '123456', '郝俊峰', 2, '北京大学', '2019', '1656879212@qq.com', '工程造价', 1901, '13800035977', 1, '2020-03-31 16:14:47');
INSERT INTO `student` VALUES ('2019257116', '2019257116', '123456', '皮淑', 2, '北京大学', '2019', '1216112397@qq.com', '工程造价', 1901, '15003018519', 1, '2020-03-31 16:14:47');
INSERT INTO `student` VALUES ('2019257117', '2019257117', '123456', '褚哲', 2, '北京大学', '2019', '1577585485@qq.com', '工程造价', 1901, '15003394474', 1, '2020-03-31 16:14:47');
INSERT INTO `student` VALUES ('2019257118', '2019257118', '123456', '张健世', 2, '北京大学', '2019', '1297826474@qq.com', '工程造价', 1901, '15103750458', 0, '2020-03-31 16:14:47');
INSERT INTO `student` VALUES ('2019257119', '2019257119', '123456', '雷倩', 2, '北京大学', '2019', '1098388503@qq.com', '工程造价', 1901, '13802892218', 1, '2020-03-31 16:14:47');
INSERT INTO `student` VALUES ('2019257120', '2019257120', '123456', '沈坚和', 2, '北京大学', '2019', '1991492248@qq.com', '工程造价', 1901, '13801832013', 0, '2020-03-31 16:14:48');
INSERT INTO `student` VALUES ('2019257121', '2019257121', '123456', '姚言', 2, '北京大学', '2019', '1977537199@qq.com', '工程造价', 1901, '15500196960', 1, '2020-03-31 16:14:48');
INSERT INTO `student` VALUES ('2019257122', '2019257122', '123456', '云以', 2, '北京大学', '2019', '1406507083@qq.com', '工程造价', 1901, '15105657610', 0, '2020-03-31 16:14:48');
INSERT INTO `student` VALUES ('2019257123', '2019257123', '123456', '华强军', 2, '北京大学', '2019', '1592260015@qq.com', '工程造价', 1901, '15206175428', 0, '2020-03-31 16:14:48');
INSERT INTO `student` VALUES ('2019257124', '2019257124', '123456', '吕彬', 2, '北京大学', '2019', '1229833564@qq.com', '工程造价', 1901, '13406662810', 0, '2020-03-31 16:14:48');
INSERT INTO `student` VALUES ('2019257125', '2019257125', '123456', '贺晶妍', 2, '北京大学', '2019', '1430266529@qq.com', '工程造价', 1901, '13000180040', 0, '2020-03-31 16:14:48');
INSERT INTO `student` VALUES ('2019257126', '2019257126', '123456', '卞茂进', 2, '北京大学', '2019', '1355393066@qq.com', '工程造价', 1901, '13604495928', 1, '2020-03-31 16:14:48');
INSERT INTO `student` VALUES ('2019257127', '2019257127', '123456', '舒克伦', 2, '北京大学', '2019', '1582038657@qq.com', '工程造价', 1901, '13707857927', 0, '2020-03-31 16:14:48');
INSERT INTO `student` VALUES ('2019257128', '2019257128', '123456', '阮卿', 2, '北京大学', '2019', '1617713747@qq.com', '工程造价', 1901, '15201970043', 0, '2020-03-31 16:14:48');
INSERT INTO `student` VALUES ('2019257129', '2019257129', '123456', '阮辉力', 2, '北京大学', '2019', '1379602667@qq.com', '工程造价', 1901, '15901637482', 1, '2020-03-31 16:14:48');
INSERT INTO `student` VALUES ('2019257130', '2019257130', '123456', '苏裕', 2, '北京大学', '2019', '1752977198@qq.com', '工程造价', 1901, '13900170960', 0, '2020-03-31 16:14:48');
INSERT INTO `student` VALUES ('2019257201', '2019257201', '123456', '殷茜秋', 2, '北京大学', '2019', '1017506028@qq.com', '工程造价', 1902, '15505470052', 0, '2020-03-31 16:18:06');
INSERT INTO `student` VALUES ('2019257202', '2019257202', '123456', '罗飘育', 2, '北京大学', '2019', '1156415967@qq.com', '工程造价', 1902, '13400092727', 0, '2020-03-31 16:18:07');
INSERT INTO `student` VALUES ('2019257203', '2019257203', '123456', '沈梅', 2, '北京大学', '2019', '1149633410@qq.com', '工程造价', 1902, '13306322232', 0, '2020-03-31 16:18:07');
INSERT INTO `student` VALUES ('2019257204', '2019257204', '123456', '廉友裕', 2, '北京大学', '2019', '1509404046@qq.com', '工程造价', 1902, '13600362811', 1, '2020-03-31 16:18:07');
INSERT INTO `student` VALUES ('2019257205', '2019257205', '123456', '葛亮', 2, '北京大学', '2019', '1958899029@qq.com', '工程造价', 1902, '13607398376', 0, '2020-03-31 16:18:07');
INSERT INTO `student` VALUES ('2019257206', '2019257206', '123456', '尹有', 2, '北京大学', '2019', '1071259276@qq.com', '工程造价', 1902, '15305282849', 0, '2020-03-31 16:18:07');
INSERT INTO `student` VALUES ('2019257207', '2019257207', '123456', '俞凤', 2, '北京大学', '2019', '1637772993@qq.com', '工程造价', 1902, '13401005604', 1, '2020-03-31 16:18:07');
INSERT INTO `student` VALUES ('2019257208', '2019257208', '123456', '方栋', 2, '北京大学', '2019', '1159191529@qq.com', '工程造价', 1902, '13202328164', 1, '2020-03-31 16:18:07');
INSERT INTO `student` VALUES ('2019257209', '2019257209', '123456', '郝厚庆', 2, '北京大学', '2019', '1257954474@qq.com', '工程造价', 1902, '13700452892', 0, '2020-03-31 16:18:07');
INSERT INTO `student` VALUES ('2019257210', '2019257210', '123456', '严敬震', 2, '北京大学', '2019', '1541282159@qq.com', '工程造价', 1902, '15604727823', 1, '2020-03-31 16:18:07');
INSERT INTO `student` VALUES ('2019257211', '2019257211', '123456', '陶健世', 2, '北京大学', '2019', '1809684252@qq.com', '工程造价', 1902, '13003584437', 0, '2020-03-31 16:18:08');
INSERT INTO `student` VALUES ('2019257212', '2019257212', '123456', '雷安', 2, '北京大学', '2019', '1061729894@qq.com', '工程造价', 1902, '13905287674', 0, '2020-03-31 16:18:08');
INSERT INTO `student` VALUES ('2019257213', '2019257213', '123456', '曹克伦', 2, '北京大学', '2019', '1545706453@qq.com', '工程造价', 1902, '13505481091', 0, '2020-03-31 16:18:08');
INSERT INTO `student` VALUES ('2019257214', '2019257214', '123456', '史毅', 2, '北京大学', '2019', '1012713189@qq.com', '工程造价', 1902, '13004590872', 1, '2020-03-31 16:18:08');
INSERT INTO `student` VALUES ('2019257215', '2019257215', '123456', '梁磊民', 2, '北京大学', '2019', '1597241795@qq.com', '工程造价', 1902, '13002041064', 0, '2020-03-31 16:18:08');
INSERT INTO `student` VALUES ('2019257216', '2019257216', '123456', '明元全', 2, '北京大学', '2019', '1409620059@qq.com', '工程造价', 1902, '15303852449', 1, '2020-03-31 16:18:08');
INSERT INTO `student` VALUES ('2019257217', '2019257217', '123456', '孟茂进', 2, '北京大学', '2019', '1983854150@qq.com', '工程造价', 1902, '13304210187', 0, '2020-03-31 16:18:08');
INSERT INTO `student` VALUES ('2019257218', '2019257218', '123456', '湛婉娴', 2, '北京大学', '2019', '1392548173@qq.com', '工程造价', 1902, '13100121018', 0, '2020-03-31 16:18:08');
INSERT INTO `student` VALUES ('2019257219', '2019257219', '123456', '孔妹', 2, '北京大学', '2019', '1026179320@qq.com', '工程造价', 1902, '15208575211', 1, '2020-03-31 16:18:08');
INSERT INTO `student` VALUES ('2019257220', '2019257220', '123456', '皮涛', 2, '北京大学', '2019', '1550759418@qq.com', '工程造价', 1902, '13404370683', 0, '2020-03-31 16:18:08');
INSERT INTO `student` VALUES ('2019257221', '2019257221', '123456', '孟萍红', 2, '北京大学', '2019', '1585179997@qq.com', '工程造价', 1902, '13800576628', 0, '2020-03-31 16:18:08');
INSERT INTO `student` VALUES ('2019257222', '2019257222', '123456', '戚亨奇', 2, '北京大学', '2019', '1462385211@qq.com', '工程造价', 1902, '15301082128', 0, '2020-03-31 16:18:08');
INSERT INTO `student` VALUES ('2019257223', '2019257223', '123456', '姚洁梅', 2, '北京大学', '2019', '1970667668@qq.com', '工程造价', 1902, '13901175551', 1, '2020-03-31 16:18:08');
INSERT INTO `student` VALUES ('2019257224', '2019257224', '123456', '鲍云莲', 2, '北京大学', '2019', '1575519460@qq.com', '工程造价', 1902, '13807734835', 0, '2020-03-31 16:18:08');
INSERT INTO `student` VALUES ('2019257225', '2019257225', '123456', '穆贵福', 2, '北京大学', '2019', '1499233893@qq.com', '工程造价', 1902, '15504494364', 0, '2020-03-31 16:18:09');
INSERT INTO `student` VALUES ('2019257226', '2019257226', '123456', '俞炎德', 2, '北京大学', '2019', '1982334669@qq.com', '工程造价', 1902, '15706221579', 0, '2020-03-31 16:18:09');
INSERT INTO `student` VALUES ('2019257227', '2019257227', '123456', '严强军', 2, '北京大学', '2019', '1180833784@qq.com', '工程造价', 1902, '13005341016', 0, '2020-03-31 16:18:09');
INSERT INTO `student` VALUES ('2019257228', '2019257228', '123456', '喻厚庆', 2, '北京大学', '2019', '1519288248@qq.com', '工程造价', 1902, '15005760370', 0, '2020-03-31 16:18:09');
INSERT INTO `student` VALUES ('2019257229', '2019257229', '123456', '祁天', 2, '北京大学', '2019', '1378718688@qq.com', '工程造价', 1902, '15800958873', 0, '2020-03-31 16:18:09');
INSERT INTO `student` VALUES ('2019257230', '2019257230', '123456', '薛胜', 2, '北京大学', '2019', '1093568090@qq.com', '工程造价', 1902, '13803442201', 0, '2020-03-31 16:18:09');
INSERT INTO `student` VALUES ('2019258101', '2019258101', '123456', '秦辰', 2, '北京大学', '2019', '1580908563@qq.com', '会计学', 1901, '13408726118', 0, '2020-03-31 16:18:53');
INSERT INTO `student` VALUES ('2019258102', '2019258102', '123456', '苏寒', 2, '北京大学', '2019', '1637677130@qq.com', '会计学', 1901, '13006626404', 0, '2020-03-31 16:18:53');
INSERT INTO `student` VALUES ('2019258103', '2019258103', '123456', '平红', 2, '北京大学', '2019', '1446941312@qq.com', '会计学', 1901, '15004750137', 0, '2020-03-31 16:18:53');
INSERT INTO `student` VALUES ('2019258104', '2019258104', '123456', '平柔', 2, '北京大学', '2019', '1815862545@qq.com', '会计学', 1901, '15004742284', 0, '2020-03-31 16:18:53');
INSERT INTO `student` VALUES ('2019258105', '2019258105', '123456', '彭群豪', 2, '北京大学', '2019', '1644989570@qq.com', '会计学', 1901, '13007873005', 0, '2020-03-31 16:18:53');
INSERT INTO `student` VALUES ('2019258106', '2019258106', '123456', '赵思', 2, '北京大学', '2019', '1966363018@qq.com', '会计学', 1901, '15500010856', 0, '2020-03-31 16:18:53');
INSERT INTO `student` VALUES ('2019258107', '2019258107', '123456', '郑亚', 2, '北京大学', '2019', '1325666495@qq.com', '会计学', 1901, '13805853659', 1, '2020-03-31 16:18:53');
INSERT INTO `student` VALUES ('2019258108', '2019258108', '123456', '章强军', 2, '北京大学', '2019', '1923856573@qq.com', '会计学', 1901, '15802978597', 1, '2020-03-31 16:18:53');
INSERT INTO `student` VALUES ('2019258109', '2019258109', '123456', '苗梅', 2, '北京大学', '2019', '1434080046@qq.com', '会计学', 1901, '13100052708', 0, '2020-03-31 16:18:53');
INSERT INTO `student` VALUES ('2019258110', '2019258110', '123456', '卜若鸣', 2, '北京大学', '2019', '1169924528@qq.com', '会计学', 1901, '13504425523', 0, '2020-03-31 16:18:53');
INSERT INTO `student` VALUES ('2019258111', '2019258111', '123456', '鲍融', 2, '北京大学', '2019', '1653987526@qq.com', '会计学', 1901, '13506468489', 0, '2020-03-31 16:18:53');
INSERT INTO `student` VALUES ('2019258112', '2019258112', '123456', '何兰凤', 2, '北京大学', '2019', '1811308342@qq.com', '会计学', 1901, '15007185597', 1, '2020-03-31 16:18:53');
INSERT INTO `student` VALUES ('2019258113', '2019258113', '123456', '成裕', 2, '北京大学', '2019', '1755969960@qq.com', '会计学', 1901, '15002478671', 0, '2020-03-31 16:18:54');
INSERT INTO `student` VALUES ('2019258114', '2019258114', '123456', '于君琴', 2, '北京大学', '2019', '1998989151@qq.com', '会计学', 1901, '13500071397', 0, '2020-03-31 16:18:54');
INSERT INTO `student` VALUES ('2019258115', '2019258115', '123456', '宋翔旭', 2, '北京大学', '2019', '1298352553@qq.com', '会计学', 1901, '13100384604', 0, '2020-03-31 16:18:54');
INSERT INTO `student` VALUES ('2019258116', '2019258116', '123456', '姚娜', 2, '北京大学', '2019', '1390265950@qq.com', '会计学', 1901, '15704244011', 0, '2020-03-31 16:18:54');
INSERT INTO `student` VALUES ('2019258117', '2019258117', '123456', '祁晶妍', 2, '北京大学', '2019', '1869283346@qq.com', '会计学', 1901, '15506718014', 0, '2020-03-31 16:18:54');
INSERT INTO `student` VALUES ('2019258118', '2019258118', '123456', '吴娟', 2, '北京大学', '2019', '1685944610@qq.com', '会计学', 1901, '13307725743', 0, '2020-03-31 16:18:54');
INSERT INTO `student` VALUES ('2019258119', '2019258119', '123456', '任士以', 2, '北京大学', '2019', '1824374634@qq.com', '会计学', 1901, '15000075200', 1, '2020-03-31 16:18:54');
INSERT INTO `student` VALUES ('2019258120', '2019258120', '123456', '席真环', 2, '北京大学', '2019', '1278292628@qq.com', '会计学', 1901, '15900467952', 0, '2020-03-31 16:18:54');
INSERT INTO `student` VALUES ('2019258121', '2019258121', '123456', '湛瑶', 2, '北京大学', '2019', '1610455639@qq.com', '会计学', 1901, '13201541499', 0, '2020-03-31 16:18:54');
INSERT INTO `student` VALUES ('2019258122', '2019258122', '123456', '彭胜', 2, '北京大学', '2019', '1087650016@qq.com', '会计学', 1901, '13907484315', 0, '2020-03-31 16:18:54');
INSERT INTO `student` VALUES ('2019258123', '2019258123', '123456', '彭博', 2, '北京大学', '2019', '1057370865@qq.com', '会计学', 1901, '15300914321', 0, '2020-03-31 16:18:55');
INSERT INTO `student` VALUES ('2019258124', '2019258124', '123456', '滕心邦', 2, '北京大学', '2019', '1509665890@qq.com', '会计学', 1901, '13204761141', 0, '2020-03-31 16:18:55');
INSERT INTO `student` VALUES ('2019258125', '2019258125', '123456', '毛仪', 2, '北京大学', '2019', '1699581374@qq.com', '会计学', 1901, '15502465623', 0, '2020-03-31 16:18:55');
INSERT INTO `student` VALUES ('2019258126', '2019258126', '123456', '喻生龙', 2, '北京大学', '2019', '1105297916@qq.com', '会计学', 1901, '15706998422', 0, '2020-03-31 16:18:55');
INSERT INTO `student` VALUES ('2019258127', '2019258127', '123456', '汪健世', 2, '北京大学', '2019', '1353966243@qq.com', '会计学', 1901, '15300281736', 1, '2020-03-31 16:18:55');
INSERT INTO `student` VALUES ('2019258128', '2019258128', '123456', '酆康星', 2, '北京大学', '2019', '1081681687@qq.com', '会计学', 1901, '13907493203', 0, '2020-03-31 16:18:55');
INSERT INTO `student` VALUES ('2019258129', '2019258129', '123456', '范福', 2, '北京大学', '2019', '1075651891@qq.com', '会计学', 1901, '13006963789', 0, '2020-03-31 16:18:55');
INSERT INTO `student` VALUES ('2019258130', '2019258130', '123456', '毕娟', 2, '北京大学', '2019', '1370818841@qq.com', '会计学', 1901, '13805495016', 0, '2020-03-31 16:18:55');
INSERT INTO `student` VALUES ('2019259101', '2019259101', '123456', '郑云莲', 2, '北京大学', '2019', '1586495864@qq.com', '环境工程', 1901, '13508131199', 0, '2020-03-31 16:19:26');
INSERT INTO `student` VALUES ('2019259102', '2019259102', '123456', '和壮', 2, '北京大学', '2019', '1065908911@qq.com', '环境工程', 1901, '13201104008', 1, '2020-03-31 16:19:26');
INSERT INTO `student` VALUES ('2019259103', '2019259103', '123456', '陈娜', 2, '北京大学', '2019', '1678569921@qq.com', '环境工程', 1901, '15003709063', 1, '2020-03-31 16:19:26');
INSERT INTO `student` VALUES ('2019259104', '2019259104', '123456', '元德', 2, '北京大学', '2019', '1978096979@qq.com', '环境工程', 1901, '13502894821', 0, '2020-03-31 16:19:26');
INSERT INTO `student` VALUES ('2019259105', '2019259105', '123456', '齐江超', 2, '北京大学', '2019', '1416299359@qq.com', '环境工程', 1901, '15301850413', 0, '2020-03-31 16:19:26');
INSERT INTO `student` VALUES ('2019259106', '2019259106', '123456', '纪艳', 2, '北京大学', '2019', '1208397988@qq.com', '环境工程', 1901, '15007214278', 1, '2020-03-31 16:19:26');
INSERT INTO `student` VALUES ('2019259107', '2019259107', '123456', '毕楠榕', 2, '北京大学', '2019', '1172977089@qq.com', '环境工程', 1901, '15508767430', 0, '2020-03-31 16:19:26');
INSERT INTO `student` VALUES ('2019259108', '2019259108', '123456', '毛蓉眉', 2, '北京大学', '2019', '1705047780@qq.com', '环境工程', 1901, '15108688029', 0, '2020-03-31 16:19:26');
INSERT INTO `student` VALUES ('2019259109', '2019259109', '123456', '郎时', 2, '北京大学', '2019', '1981239410@qq.com', '环境工程', 1901, '13007282958', 0, '2020-03-31 16:19:26');
INSERT INTO `student` VALUES ('2019259110', '2019259110', '123456', '顾庆', 2, '北京大学', '2019', '1206266355@qq.com', '环境工程', 1901, '15805940129', 1, '2020-03-31 16:19:27');
INSERT INTO `student` VALUES ('2019259111', '2019259111', '123456', '毛奇', 2, '北京大学', '2019', '1030205905@qq.com', '环境工程', 1901, '15703356148', 1, '2020-03-31 16:19:27');
INSERT INTO `student` VALUES ('2019259112', '2019259112', '123456', '庞言', 2, '北京大学', '2019', '1022321947@qq.com', '环境工程', 1901, '13306870002', 1, '2020-03-31 16:19:27');
INSERT INTO `student` VALUES ('2019259113', '2019259113', '123456', '罗策腾', 2, '北京大学', '2019', '1509639947@qq.com', '环境工程', 1901, '13207970791', 0, '2020-03-31 16:19:27');
INSERT INTO `student` VALUES ('2019259114', '2019259114', '123456', '秦榕', 2, '北京大学', '2019', '1577757202@qq.com', '环境工程', 1901, '15706105132', 0, '2020-03-31 16:19:27');
INSERT INTO `student` VALUES ('2019259115', '2019259115', '123456', '孟民', 2, '北京大学', '2019', '1277323985@qq.com', '环境工程', 1901, '13804661628', 0, '2020-03-31 16:19:27');
INSERT INTO `student` VALUES ('2019259116', '2019259116', '123456', '云建家', 2, '北京大学', '2019', '1483998695@qq.com', '环境工程', 1901, '13005174820', 0, '2020-03-31 16:19:27');
INSERT INTO `student` VALUES ('2019259117', '2019259117', '123456', '姜军', 2, '北京大学', '2019', '1609001938@qq.com', '环境工程', 1901, '15704477681', 0, '2020-03-31 16:19:27');
INSERT INTO `student` VALUES ('2019259118', '2019259118', '123456', '齐浩亮', 2, '北京大学', '2019', '1385200542@qq.com', '环境工程', 1901, '13008228882', 0, '2020-03-31 16:19:27');
INSERT INTO `student` VALUES ('2019259119', '2019259119', '123456', '董健世', 2, '北京大学', '2019', '1437335456@qq.com', '环境工程', 1901, '15600796565', 1, '2020-03-31 16:19:27');
INSERT INTO `student` VALUES ('2019259120', '2019259120', '123456', '云鹏泽', 2, '北京大学', '2019', '1100766485@qq.com', '环境工程', 1901, '15701030384', 0, '2020-03-31 16:19:27');
INSERT INTO `student` VALUES ('2019259121', '2019259121', '123456', '梁鸣', 2, '北京大学', '2019', '1917955608@qq.com', '环境工程', 1901, '13007401889', 0, '2020-03-31 16:19:28');
INSERT INTO `student` VALUES ('2019259122', '2019259122', '123456', '伍固之', 2, '北京大学', '2019', '1235190248@qq.com', '环境工程', 1901, '15004802706', 1, '2020-03-31 16:19:28');
INSERT INTO `student` VALUES ('2019259123', '2019259123', '123456', '戴翰', 2, '北京大学', '2019', '1740864253@qq.com', '环境工程', 1901, '15601550653', 0, '2020-03-31 16:19:28');
INSERT INTO `student` VALUES ('2019259124', '2019259124', '123456', '孙松善', 2, '北京大学', '2019', '1131880784@qq.com', '环境工程', 1901, '13306801848', 0, '2020-03-31 16:19:28');
INSERT INTO `student` VALUES ('2019259125', '2019259125', '123456', '戚祥', 2, '北京大学', '2019', '1609631730@qq.com', '环境工程', 1901, '15100350867', 1, '2020-03-31 16:19:28');
INSERT INTO `student` VALUES ('2019259126', '2019259126', '123456', '余顺', 2, '北京大学', '2019', '1159502859@qq.com', '环境工程', 1901, '15607924859', 0, '2020-03-31 16:19:28');
INSERT INTO `student` VALUES ('2019259127', '2019259127', '123456', '华琰', 2, '北京大学', '2019', '1498254423@qq.com', '环境工程', 1901, '15003226614', 0, '2020-03-31 16:19:28');
INSERT INTO `student` VALUES ('2019259128', '2019259128', '123456', '钱若鸣', 2, '北京大学', '2019', '1691711016@qq.com', '环境工程', 1901, '15504366173', 0, '2020-03-31 16:19:29');
INSERT INTO `student` VALUES ('2019259129', '2019259129', '123456', '常宁欣', 2, '北京大学', '2019', '1381211403@qq.com', '环境工程', 1901, '15801144873', 0, '2020-03-31 16:19:29');
INSERT INTO `student` VALUES ('2019259130', '2019259130', '123456', '成炎德', 2, '北京大学', '2019', '1748840703@qq.com', '环境工程', 1901, '13206864689', 0, '2020-03-31 16:19:29');

-- ----------------------------
-- Table structure for student_course
-- ----------------------------
DROP TABLE IF EXISTS `student_course`;
CREATE TABLE `student_course`  (
  `id` int(0) NOT NULL AUTO_INCREMENT,
  `student_id` varchar(255) CHARACTER SET utf8 COLLATE utf8_general_ci NOT NULL,
  `course_id` varchar(255) CHARACTER SET utf8 COLLATE utf8_general_ci NOT NULL,
  `name` varchar(255) CHARACTER SET utf8 COLLATE utf8_general_ci NOT NULL,
  `score` varchar(11) CHARACTER SET utf8 COLLATE utf8_general_ci NOT NULL,
  `point` decimal(4, 2) NOT NULL,
  `credits` decimal(4, 2) NOT NULL,
  `term` tinyint(0) NOT NULL,
  `year` int(0) NOT NULL,
  PRIMARY KEY (`id`) USING BTREE
) ENGINE = InnoDB AUTO_INCREMENT = 475 CHARACTER SET = utf8 COLLATE = utf8_general_ci ROW_FORMAT = Dynamic;

-- ----------------------------
-- Records of student_course
-- ----------------------------
INSERT INTO `student_course` VALUES (1, '2019251101', '12312311001', '数字电路基础', '75', 2.50, 4.00, 1, 2019);
INSERT INTO `student_course` VALUES (2, '2019251102', '12312311001', '数字电路基础', '76', 2.60, 4.00, 1, 2019);
INSERT INTO `student_course` VALUES (3, '2019251103', '12312311001', '数字电路基础', '76', 2.60, 4.00, 1, 2019);
INSERT INTO `student_course` VALUES (4, '2019251104', '12312311001', '数字电路基础', '78', 2.80, 4.00, 1, 2019);
INSERT INTO `student_course` VALUES (5, '2019251105', '12312311001', '数字电路基础', '76', 2.60, 4.00, 1, 2019);
INSERT INTO `student_course` VALUES (6, '2019251106', '12312311001', '数字电路基础', '98', 4.80, 4.00, 1, 2019);
INSERT INTO `student_course` VALUES (7, '2019251107', '12312311001', '数字电路基础', '76', 2.60, 4.00, 1, 2019);
INSERT INTO `student_course` VALUES (8, '2019251108', '12312311001', '数字电路基础', '55', 0.00, 0.00, 1, 2019);
INSERT INTO `student_course` VALUES (9, '2019251109', '12312311001', '数字电路基础', '67', 1.70, 4.00, 1, 2019);
INSERT INTO `student_course` VALUES (10, '2019251110', '12312311001', '数字电路基础', '76', 2.60, 4.00, 1, 2019);
INSERT INTO `student_course` VALUES (11, '2019251111', '12312311001', '数字电路基础', '32', 0.00, 0.00, 1, 2019);
INSERT INTO `student_course` VALUES (12, '2019251112', '12312311001', '数字电路基础', '43', 0.00, 0.00, 1, 2019);
INSERT INTO `student_course` VALUES (13, '2019251113', '12312311001', '数字电路基础', '100', 5.00, 4.00, 1, 2019);
INSERT INTO `student_course` VALUES (14, '2019251114', '12312311001', '数字电路基础', '100', 5.00, 4.00, 1, 2019);
INSERT INTO `student_course` VALUES (15, '2019251115', '12312311001', '数字电路基础', '23', 0.00, 0.00, 1, 2019);
INSERT INTO `student_course` VALUES (16, '2019251116', '12312311001', '数字电路基础', '54', 0.00, 0.00, 1, 2019);
INSERT INTO `student_course` VALUES (17, '2019251117', '12312311001', '数字电路基础', '64', 1.40, 4.00, 1, 2019);
INSERT INTO `student_course` VALUES (18, '2019251118', '12312311001', '数字电路基础', '54', 0.00, 0.00, 1, 2019);
INSERT INTO `student_course` VALUES (19, '2019251119', '12312311001', '数字电路基础', '34', 0.00, 0.00, 1, 2019);
INSERT INTO `student_course` VALUES (20, '2019251120', '12312311001', '数字电路基础', '54', 0.00, 0.00, 1, 2019);
INSERT INTO `student_course` VALUES (21, '2019251121', '12312311001', '数字电路基础', '54', 0.00, 0.00, 1, 2019);
INSERT INTO `student_course` VALUES (22, '2019251122', '12312311001', '数字电路基础', '34', 0.00, 0.00, 1, 2019);
INSERT INTO `student_course` VALUES (23, '2019251123', '12312311001', '数字电路基础', '54', 0.00, 0.00, 1, 2019);
INSERT INTO `student_course` VALUES (24, '2019251124', '12312311001', '数字电路基础', '34', 0.00, 0.00, 1, 2019);
INSERT INTO `student_course` VALUES (25, '2019251125', '12312311001', '数字电路基础', '100', 5.00, 4.00, 1, 2019);
INSERT INTO `student_course` VALUES (26, '2019251126', '12312311001', '数字电路基础', '75', 2.50, 4.00, 1, 2019);
INSERT INTO `student_course` VALUES (27, '2019251127', '12312311001', '数字电路基础', '76', 2.60, 4.00, 1, 2019);
INSERT INTO `student_course` VALUES (28, '2019251128', '12312311001', '数字电路基础', '54', 0.00, 0.00, 1, 2019);
INSERT INTO `student_course` VALUES (29, '2019251129', '12312311001', '数字电路基础', '65', 1.50, 4.00, 1, 2019);
INSERT INTO `student_course` VALUES (30, '2019251130', '12312311001', '数字电路基础', '76', 2.60, 4.00, 1, 2019);
INSERT INTO `student_course` VALUES (31, '2019251131', '12312311001', '数字电路基础', '100', 5.00, 4.00, 1, 2019);
INSERT INTO `student_course` VALUES (32, '2019251132', '12312311001', '数字电路基础', '65', 1.50, 4.00, 1, 2019);
INSERT INTO `student_course` VALUES (33, '2019251133', '12312311001', '数字电路基础', '65', 1.50, 4.00, 1, 2019);
INSERT INTO `student_course` VALUES (34, '2019251134', '12312311001', '数字电路基础', '45', 0.00, 0.00, 1, 2019);
INSERT INTO `student_course` VALUES (35, '2019251135', '12312311001', '数字电路基础', '76', 2.60, 4.00, 1, 2019);
INSERT INTO `student_course` VALUES (36, '2019251136', '12312311001', '数字电路基础', '56', 0.00, 0.00, 1, 2019);
INSERT INTO `student_course` VALUES (37, '2019251137', '12312311001', '数字电路基础', '76', 2.60, 4.00, 1, 2019);
INSERT INTO `student_course` VALUES (38, '2019251138', '12312311001', '数字电路基础', '54', 0.00, 0.00, 1, 2019);
INSERT INTO `student_course` VALUES (39, '2019251139', '12312311001', '数字电路基础', '76', 2.60, 4.00, 1, 2019);
INSERT INTO `student_course` VALUES (40, '2019251140', '12312311001', '数字电路基础', '54', 0.00, 0.00, 1, 2019);
INSERT INTO `student_course` VALUES (41, '2019251141', '12312311001', '数字电路基础', '100', 5.00, 4.00, 1, 2019);
INSERT INTO `student_course` VALUES (42, '2019251142', '12312311001', '数字电路基础', '54', 0.00, 0.00, 1, 2019);
INSERT INTO `student_course` VALUES (43, '2019251143', '12312311001', '数字电路基础', '100', 5.00, 4.00, 1, 2019);
INSERT INTO `student_course` VALUES (44, '2019251144', '12312311001', '数字电路基础', '100', 5.00, 4.00, 1, 2019);
INSERT INTO `student_course` VALUES (45, '2019251145', '12312311001', '数字电路基础', '65', 1.50, 4.00, 1, 2019);
INSERT INTO `student_course` VALUES (46, '2019251146', '12312311001', '数字电路基础', '76', 2.60, 4.00, 1, 2019);
INSERT INTO `student_course` VALUES (47, '2019251147', '12312311001', '数字电路基础', '100', 5.00, 4.00, 1, 2019);
INSERT INTO `student_course` VALUES (48, '2019251148', '12312311001', '数字电路基础', '56', 0.00, 0.00, 1, 2019);
INSERT INTO `student_course` VALUES (49, '2019251149', '12312311001', '数字电路基础', '76', 2.60, 4.00, 1, 2019);
INSERT INTO `student_course` VALUES (50, '2019251150', '12312311001', '数字电路基础', '45', 0.00, 0.00, 1, 2019);
INSERT INTO `student_course` VALUES (51, '2019251101', '12312311002', '大学物理', '65', 1.50, 4.00, 1, 2019);
INSERT INTO `student_course` VALUES (52, '2019251102', '12312311002', '大学物理', '65', 1.50, 4.00, 1, 2019);
INSERT INTO `student_course` VALUES (53, '2019251103', '12312311002', '大学物理', '76', 2.60, 4.00, 1, 2019);
INSERT INTO `student_course` VALUES (54, '2019251104', '12312311002', '大学物理', '56', 0.00, 0.00, 1, 2019);
INSERT INTO `student_course` VALUES (55, '2019251105', '12312311002', '大学物理', '76', 2.60, 4.00, 1, 2019);
INSERT INTO `student_course` VALUES (56, '2019251106', '12312311002', '大学物理', '76', 2.60, 4.00, 1, 2019);
INSERT INTO `student_course` VALUES (57, '2019251107', '12312311002', '大学物理', '87', 3.70, 4.00, 1, 2019);
INSERT INTO `student_course` VALUES (58, '2019251108', '12312311002', '大学物理', '87', 3.70, 4.00, 1, 2019);
INSERT INTO `student_course` VALUES (59, '2019251109', '12312311002', '大学物理', '76', 2.60, 4.00, 1, 2019);
INSERT INTO `student_course` VALUES (60, '2019251110', '12312311002', '大学物理', '56', 0.00, 0.00, 1, 2019);
INSERT INTO `student_course` VALUES (61, '2019251111', '12312311002', '大学物理', '100', 5.00, 4.00, 1, 2019);
INSERT INTO `student_course` VALUES (62, '2019251112', '12312311002', '大学物理', '76', 2.60, 4.00, 1, 2019);
INSERT INTO `student_course` VALUES (63, '2019251113', '12312311002', '大学物理', '100', 5.00, 4.00, 1, 2019);
INSERT INTO `student_course` VALUES (64, '2019251114', '12312311002', '大学物理', '65', 1.50, 4.00, 1, 2019);
INSERT INTO `student_course` VALUES (65, '2019251115', '12312311002', '大学物理', '100', 5.00, 4.00, 1, 2019);
INSERT INTO `student_course` VALUES (66, '2019251116', '12312311002', '大学物理', '100', 5.00, 4.00, 1, 2019);
INSERT INTO `student_course` VALUES (67, '2019251117', '12312311002', '大学物理', '67', 1.70, 4.00, 1, 2019);
INSERT INTO `student_course` VALUES (68, '2019251118', '12312311002', '大学物理', '67', 1.70, 4.00, 1, 2019);
INSERT INTO `student_course` VALUES (69, '2019251119', '12312311002', '大学物理', '56', 0.00, 0.00, 1, 2019);
INSERT INTO `student_course` VALUES (70, '2019251120', '12312311002', '大学物理', '76', 2.60, 4.00, 1, 2019);
INSERT INTO `student_course` VALUES (71, '2019251121', '12312311002', '大学物理', '34', 0.00, 0.00, 1, 2019);
INSERT INTO `student_course` VALUES (72, '2019251122', '12312311002', '大学物理', '100', 5.00, 4.00, 1, 2019);
INSERT INTO `student_course` VALUES (73, '2019251123', '12312311002', '大学物理', '100', 5.00, 4.00, 1, 2019);
INSERT INTO `student_course` VALUES (74, '2019251124', '12312311002', '大学物理', '68', 1.80, 4.00, 1, 2019);
INSERT INTO `student_course` VALUES (75, '2019251125', '12312311002', '大学物理', '78', 2.80, 4.00, 1, 2019);
INSERT INTO `student_course` VALUES (76, '2019251126', '12312311002', '大学物理', '87', 3.70, 4.00, 1, 2019);
INSERT INTO `student_course` VALUES (77, '2019251127', '12312311002', '大学物理', '76', 2.60, 4.00, 1, 2019);
INSERT INTO `student_course` VALUES (78, '2019251128', '12312311002', '大学物理', '87', 3.70, 4.00, 1, 2019);
INSERT INTO `student_course` VALUES (79, '2019251129', '12312311002', '大学物理', '97', 4.70, 4.00, 1, 2019);
INSERT INTO `student_course` VALUES (80, '2019251130', '12312311002', '大学物理', '67', 1.70, 4.00, 1, 2019);
INSERT INTO `student_course` VALUES (81, '2019251131', '12312311002', '大学物理', '76', 2.60, 4.00, 1, 2019);
INSERT INTO `student_course` VALUES (82, '2019251132', '12312311002', '大学物理', '76', 2.60, 4.00, 1, 2019);
INSERT INTO `student_course` VALUES (83, '2019251133', '12312311002', '大学物理', '65', 1.50, 4.00, 1, 2019);
INSERT INTO `student_course` VALUES (84, '2019251134', '12312311002', '大学物理', '77', 2.70, 4.00, 1, 2019);
INSERT INTO `student_course` VALUES (85, '2019251135', '12312311002', '大学物理', '98', 4.80, 4.00, 1, 2019);
INSERT INTO `student_course` VALUES (86, '2019251136', '12312311002', '大学物理', '32', 0.00, 0.00, 1, 2019);
INSERT INTO `student_course` VALUES (87, '2019251137', '12312311002', '大学物理', '54', 0.00, 0.00, 1, 2019);
INSERT INTO `student_course` VALUES (88, '2019251138', '12312311002', '大学物理', '65', 1.50, 4.00, 1, 2019);
INSERT INTO `student_course` VALUES (89, '2019251139', '12312311002', '大学物理', '76', 2.60, 4.00, 1, 2019);
INSERT INTO `student_course` VALUES (90, '2019251140', '12312311002', '大学物理', '76', 2.60, 4.00, 1, 2019);
INSERT INTO `student_course` VALUES (91, '2019251141', '12312311002', '大学物理', '65', 1.50, 4.00, 1, 2019);
INSERT INTO `student_course` VALUES (92, '2019251142', '12312311002', '大学物理', '54', 0.00, 0.00, 1, 2019);
INSERT INTO `student_course` VALUES (93, '2019251143', '12312311002', '大学物理', '76', 2.60, 4.00, 1, 2019);
INSERT INTO `student_course` VALUES (94, '2019251144', '12312311002', '大学物理', '75', 2.50, 4.00, 1, 2019);
INSERT INTO `student_course` VALUES (95, '2019251145', '12312311002', '大学物理', '65', 1.50, 4.00, 1, 2019);
INSERT INTO `student_course` VALUES (96, '2019251146', '12312311002', '大学物理', '76', 2.60, 4.00, 1, 2019);
INSERT INTO `student_course` VALUES (97, '2019251147', '12312311002', '大学物理', '87', 3.70, 4.00, 1, 2019);
INSERT INTO `student_course` VALUES (98, '2019251148', '12312311002', '大学物理', '100', 5.00, 4.00, 1, 2019);
INSERT INTO `student_course` VALUES (99, '2019251149', '12312311002', '大学物理', '45', 0.00, 0.00, 1, 2019);
INSERT INTO `student_course` VALUES (100, '2019251150', '12312311002', '大学物理', '34', 0.00, 0.00, 1, 2019);
INSERT INTO `student_course` VALUES (101, '2019251101', '12312311003', '线性代数', '23', 0.00, 0.00, 1, 2019);
INSERT INTO `student_course` VALUES (102, '2019251102', '12312311003', '线性代数', '43', 0.00, 0.00, 1, 2019);
INSERT INTO `student_course` VALUES (103, '2019251103', '12312311003', '线性代数', '54', 0.00, 0.00, 1, 2019);
INSERT INTO `student_course` VALUES (104, '2019251104', '12312311003', '线性代数', '100', 5.00, 1.00, 1, 2019);
INSERT INTO `student_course` VALUES (105, '2019251105', '12312311003', '线性代数', '100', 5.00, 1.00, 1, 2019);
INSERT INTO `student_course` VALUES (106, '2019251106', '12312311003', '线性代数', '75', 2.50, 1.00, 1, 2019);
INSERT INTO `student_course` VALUES (107, '2019251107', '12312311003', '线性代数', '100', 5.00, 1.00, 1, 2019);
INSERT INTO `student_course` VALUES (108, '2019251108', '12312311003', '线性代数', '76', 2.60, 1.00, 1, 2019);
INSERT INTO `student_course` VALUES (109, '2019251109', '12312311003', '线性代数', '54', 0.00, 0.00, 1, 2019);
INSERT INTO `student_course` VALUES (110, '2019251110', '12312311003', '线性代数', '65', 1.50, 1.00, 1, 2019);
INSERT INTO `student_course` VALUES (111, '2019251111', '12312311003', '线性代数', '67', 1.70, 1.00, 1, 2019);
INSERT INTO `student_course` VALUES (112, '2019251112', '12312311003', '线性代数', '100', 5.00, 1.00, 1, 2019);
INSERT INTO `student_course` VALUES (113, '2019251113', '12312311003', '线性代数', '65', 1.50, 1.00, 1, 2019);
INSERT INTO `student_course` VALUES (114, '2019251114', '12312311003', '线性代数', '76', 2.60, 1.00, 1, 2019);
INSERT INTO `student_course` VALUES (115, '2019251115', '12312311003', '线性代数', '87', 3.70, 1.00, 1, 2019);
INSERT INTO `student_course` VALUES (116, '2019251116', '12312311003', '线性代数', '78', 2.80, 1.00, 1, 2019);
INSERT INTO `student_course` VALUES (117, '2019251117', '12312311003', '线性代数', '55', 0.00, 0.00, 1, 2019);
INSERT INTO `student_course` VALUES (118, '2019251118', '12312311003', '线性代数', '76', 2.60, 1.00, 1, 2019);
INSERT INTO `student_course` VALUES (119, '2019251119', '12312311003', '线性代数', '65', 1.50, 1.00, 1, 2019);
INSERT INTO `student_course` VALUES (120, '2019251120', '12312311003', '线性代数', '65', 1.50, 1.00, 1, 2019);
INSERT INTO `student_course` VALUES (121, '2019251121', '12312311003', '线性代数', '65', 1.50, 1.00, 1, 2019);
INSERT INTO `student_course` VALUES (122, '2019251122', '12312311003', '线性代数', '87', 3.70, 1.00, 1, 2019);
INSERT INTO `student_course` VALUES (123, '2019251123', '12312311003', '线性代数', '56', 0.00, 0.00, 1, 2019);
INSERT INTO `student_course` VALUES (124, '2019251124', '12312311003', '线性代数', '34', 0.00, 0.00, 1, 2019);
INSERT INTO `student_course` VALUES (125, '2019251125', '12312311003', '线性代数', '65', 1.50, 1.00, 1, 2019);
INSERT INTO `student_course` VALUES (126, '2019251126', '12312311003', '线性代数', '100', 5.00, 1.00, 1, 2019);
INSERT INTO `student_course` VALUES (127, '2019251127', '12312311003', '线性代数', '56', 0.00, 0.00, 1, 2019);
INSERT INTO `student_course` VALUES (128, '2019251128', '12312311003', '线性代数', '65', 1.50, 1.00, 1, 2019);
INSERT INTO `student_course` VALUES (129, '2019251129', '12312311003', '线性代数', '87', 3.70, 1.00, 1, 2019);
INSERT INTO `student_course` VALUES (130, '2019251130', '12312311003', '线性代数', '67', 1.70, 1.00, 1, 2019);
INSERT INTO `student_course` VALUES (131, '2019251131', '12312311003', '线性代数', '54', 0.00, 0.00, 1, 2019);
INSERT INTO `student_course` VALUES (132, '2019251132', '12312311003', '线性代数', '78', 2.80, 1.00, 1, 2019);
INSERT INTO `student_course` VALUES (133, '2019251133', '12312311003', '线性代数', '100', 5.00, 1.00, 1, 2019);
INSERT INTO `student_course` VALUES (134, '2019251134', '12312311003', '线性代数', '87', 3.70, 1.00, 1, 2019);
INSERT INTO `student_course` VALUES (135, '2019251135', '12312311003', '线性代数', '98', 4.80, 1.00, 1, 2019);
INSERT INTO `student_course` VALUES (136, '2019251136', '12312311003', '线性代数', '65', 1.50, 1.00, 1, 2019);
INSERT INTO `student_course` VALUES (137, '2019251137', '12312311003', '线性代数', '87', 3.70, 1.00, 1, 2019);
INSERT INTO `student_course` VALUES (138, '2019251138', '12312311003', '线性代数', '98', 4.80, 1.00, 1, 2019);
INSERT INTO `student_course` VALUES (139, '2019251139', '12312311003', '线性代数', '67', 1.70, 1.00, 1, 2019);
INSERT INTO `student_course` VALUES (140, '2019251140', '12312311003', '线性代数', '56', 0.00, 0.00, 1, 2019);
INSERT INTO `student_course` VALUES (141, '2019251141', '12312311003', '线性代数', '78', 2.80, 1.00, 1, 2019);
INSERT INTO `student_course` VALUES (142, '2019251142', '12312311003', '线性代数', '67', 1.70, 1.00, 1, 2019);
INSERT INTO `student_course` VALUES (143, '2019251143', '12312311003', '线性代数', '87', 3.70, 1.00, 1, 2019);
INSERT INTO `student_course` VALUES (144, '2019251144', '12312311003', '线性代数', '98', 4.80, 1.00, 1, 2019);
INSERT INTO `student_course` VALUES (145, '2019251145', '12312311003', '线性代数', '56', 0.00, 0.00, 1, 2019);
INSERT INTO `student_course` VALUES (146, '2019251146', '12312311003', '线性代数', '87', 3.70, 1.00, 1, 2019);
INSERT INTO `student_course` VALUES (147, '2019251147', '12312311003', '线性代数', '45', 0.00, 0.00, 1, 2019);
INSERT INTO `student_course` VALUES (148, '2019251148', '12312311003', '线性代数', '88', 3.80, 1.00, 1, 2019);
INSERT INTO `student_course` VALUES (149, '2019251149', '12312311003', '线性代数', '66', 1.60, 1.00, 1, 2019);
INSERT INTO `student_course` VALUES (150, '2019251150', '12312311003', '线性代数', '77', 2.70, 1.00, 1, 2019);
INSERT INTO `student_course` VALUES (151, '2019251101', '12312311004', '复变函数', '54', 0.00, 0.00, 1, 2019);
INSERT INTO `student_course` VALUES (152, '2019251102', '12312311004', '复变函数', '65', 1.50, 2.00, 1, 2019);
INSERT INTO `student_course` VALUES (153, '2019251103', '12312311004', '复变函数', '76', 2.60, 2.00, 1, 2019);
INSERT INTO `student_course` VALUES (154, '2019251104', '12312311004', '复变函数', '45', 0.00, 0.00, 1, 2019);
INSERT INTO `student_course` VALUES (155, '2019251105', '12312311004', '复变函数', '100', 5.00, 2.00, 1, 2019);
INSERT INTO `student_course` VALUES (156, '2019251106', '12312311004', '复变函数', '87', 3.70, 2.00, 1, 2019);
INSERT INTO `student_course` VALUES (157, '2019251107', '12312311004', '复变函数', '65', 1.50, 2.00, 1, 2019);
INSERT INTO `student_course` VALUES (158, '2019251108', '12312311004', '复变函数', '87', 3.70, 2.00, 1, 2019);
INSERT INTO `student_course` VALUES (159, '2019251109', '12312311004', '复变函数', '54', 0.00, 0.00, 1, 2019);
INSERT INTO `student_course` VALUES (160, '2019251110', '12312311004', '复变函数', '87', 3.70, 2.00, 1, 2019);
INSERT INTO `student_course` VALUES (161, '2019251111', '12312311004', '复变函数', '100', 5.00, 2.00, 1, 2019);
INSERT INTO `student_course` VALUES (162, '2019251112', '12312311004', '复变函数', '54', 0.00, 0.00, 1, 2019);
INSERT INTO `student_course` VALUES (163, '2019251113', '12312311004', '复变函数', '87', 3.70, 2.00, 1, 2019);
INSERT INTO `student_course` VALUES (164, '2019251114', '12312311004', '复变函数', '98', 4.80, 2.00, 1, 2019);
INSERT INTO `student_course` VALUES (165, '2019251115', '12312311004', '复变函数', '100', 5.00, 2.00, 1, 2019);
INSERT INTO `student_course` VALUES (166, '2019251116', '12312311004', '复变函数', '76', 2.60, 2.00, 1, 2019);
INSERT INTO `student_course` VALUES (167, '2019251117', '12312311004', '复变函数', '87', 3.70, 2.00, 1, 2019);
INSERT INTO `student_course` VALUES (168, '2019251118', '12312311004', '复变函数', '54', 0.00, 0.00, 1, 2019);
INSERT INTO `student_course` VALUES (169, '2019251119', '12312311004', '复变函数', '76', 2.60, 2.00, 1, 2019);
INSERT INTO `student_course` VALUES (170, '2019251120', '12312311004', '复变函数', '87', 3.70, 2.00, 1, 2019);
INSERT INTO `student_course` VALUES (171, '2019251121', '12312311004', '复变函数', '56', 0.00, 0.00, 1, 2019);
INSERT INTO `student_course` VALUES (172, '2019251122', '12312311004', '复变函数', '78', 2.80, 2.00, 1, 2019);
INSERT INTO `student_course` VALUES (173, '2019251123', '12312311004', '复变函数', '65', 1.50, 2.00, 1, 2019);
INSERT INTO `student_course` VALUES (174, '2019251124', '12312311004', '复变函数', '76', 2.60, 2.00, 1, 2019);
INSERT INTO `student_course` VALUES (175, '2019251125', '12312311004', '复变函数', '87', 3.70, 2.00, 1, 2019);
INSERT INTO `student_course` VALUES (176, '2019251126', '12312311004', '复变函数', '67', 1.70, 2.00, 1, 2019);
INSERT INTO `student_course` VALUES (177, '2019251127', '12312311004', '复变函数', '87', 3.70, 2.00, 1, 2019);
INSERT INTO `student_course` VALUES (178, '2019251128', '12312311004', '复变函数', '45', 0.00, 0.00, 1, 2019);
INSERT INTO `student_course` VALUES (179, '2019251129', '12312311004', '复变函数', '76', 2.60, 2.00, 1, 2019);
INSERT INTO `student_course` VALUES (180, '2019251130', '12312311004', '复变函数', '77', 2.70, 2.00, 1, 2019);
INSERT INTO `student_course` VALUES (181, '2019251131', '12312311004', '复变函数', '78', 2.80, 2.00, 1, 2019);
INSERT INTO `student_course` VALUES (182, '2019251132', '12312311004', '复变函数', '78', 2.80, 2.00, 1, 2019);
INSERT INTO `student_course` VALUES (183, '2019251133', '12312311004', '复变函数', '54', 0.00, 0.00, 1, 2019);
INSERT INTO `student_course` VALUES (184, '2019251134', '12312311004', '复变函数', '65', 1.50, 2.00, 1, 2019);
INSERT INTO `student_course` VALUES (185, '2019251135', '12312311004', '复变函数', '76', 2.60, 2.00, 1, 2019);
INSERT INTO `student_course` VALUES (186, '2019251136', '12312311004', '复变函数', '76', 2.60, 2.00, 1, 2019);
INSERT INTO `student_course` VALUES (187, '2019251137', '12312311004', '复变函数', '33', 0.00, 0.00, 1, 2019);
INSERT INTO `student_course` VALUES (188, '2019251138', '12312311004', '复变函数', '67', 1.70, 2.00, 1, 2019);
INSERT INTO `student_course` VALUES (189, '2019251139', '12312311004', '复变函数', '65', 1.50, 2.00, 1, 2019);
INSERT INTO `student_course` VALUES (190, '2019251140', '12312311004', '复变函数', '65', 1.50, 2.00, 1, 2019);
INSERT INTO `student_course` VALUES (191, '2019251141', '12312311004', '复变函数', '76', 2.60, 2.00, 1, 2019);
INSERT INTO `student_course` VALUES (192, '2019251142', '12312311004', '复变函数', '54', 0.00, 0.00, 1, 2019);
INSERT INTO `student_course` VALUES (193, '2019251143', '12312311004', '复变函数', '65', 1.50, 2.00, 1, 2019);
INSERT INTO `student_course` VALUES (194, '2019251144', '12312311004', '复变函数', '76', 2.60, 2.00, 1, 2019);
INSERT INTO `student_course` VALUES (195, '2019251145', '12312311004', '复变函数', '100', 5.00, 2.00, 1, 2019);
INSERT INTO `student_course` VALUES (196, '2019251146', '12312311004', '复变函数', '100', 5.00, 2.00, 1, 2019);
INSERT INTO `student_course` VALUES (197, '2019251147', '12312311004', '复变函数', '43', 0.00, 0.00, 1, 2019);
INSERT INTO `student_course` VALUES (198, '2019251148', '12312311004', '复变函数', '73', 2.30, 2.00, 1, 2019);
INSERT INTO `student_course` VALUES (199, '2019251149', '12312311004', '复变函数', '32', 0.00, 0.00, 1, 2019);
INSERT INTO `student_course` VALUES (200, '2019251150', '12312311004', '复变函数', '65', 1.50, 2.00, 1, 2019);
INSERT INTO `student_course` VALUES (201, '2019251101', '12312311005', '模拟电子线路', '67', 1.70, 4.00, 1, 2019);
INSERT INTO `student_course` VALUES (202, '2019251102', '12312311005', '模拟电子线路', '87', 3.70, 4.00, 1, 2019);
INSERT INTO `student_course` VALUES (203, '2019251103', '12312311005', '模拟电子线路', '65', 1.50, 4.00, 1, 2019);
INSERT INTO `student_course` VALUES (204, '2019251104', '12312311005', '模拟电子线路', '76', 2.60, 4.00, 1, 2019);
INSERT INTO `student_course` VALUES (205, '2019251105', '12312311005', '模拟电子线路', '64', 1.40, 4.00, 1, 2019);
INSERT INTO `student_course` VALUES (206, '2019251106', '12312311005', '模拟电子线路', '65', 1.50, 4.00, 1, 2019);
INSERT INTO `student_course` VALUES (207, '2019251107', '12312311005', '模拟电子线路', '77', 2.70, 4.00, 1, 2019);
INSERT INTO `student_course` VALUES (208, '2019251108', '12312311005', '模拟电子线路', '87', 3.70, 4.00, 1, 2019);
INSERT INTO `student_course` VALUES (209, '2019251109', '12312311005', '模拟电子线路', '56', 0.00, 0.00, 1, 2019);
INSERT INTO `student_course` VALUES (210, '2019251110', '12312311005', '模拟电子线路', '87', 3.70, 4.00, 1, 2019);
INSERT INTO `student_course` VALUES (211, '2019251111', '12312311005', '模拟电子线路', '76', 2.60, 4.00, 1, 2019);
INSERT INTO `student_course` VALUES (212, '2019251112', '12312311005', '模拟电子线路', '74', 2.40, 4.00, 1, 2019);
INSERT INTO `student_course` VALUES (213, '2019251113', '12312311005', '模拟电子线路', '100', 5.00, 4.00, 1, 2019);
INSERT INTO `student_course` VALUES (214, '2019251114', '12312311005', '模拟电子线路', '57', 0.00, 0.00, 1, 2019);
INSERT INTO `student_course` VALUES (215, '2019251115', '12312311005', '模拟电子线路', '85', 3.50, 4.00, 1, 2019);
INSERT INTO `student_course` VALUES (216, '2019251116', '12312311005', '模拟电子线路', '100', 5.00, 4.00, 1, 2019);
INSERT INTO `student_course` VALUES (217, '2019251117', '12312311005', '模拟电子线路', '85', 3.50, 4.00, 1, 2019);
INSERT INTO `student_course` VALUES (218, '2019251118', '12312311005', '模拟电子线路', '43', 0.00, 0.00, 1, 2019);
INSERT INTO `student_course` VALUES (219, '2019251119', '12312311005', '模拟电子线路', '100', 5.00, 4.00, 1, 2019);
INSERT INTO `student_course` VALUES (220, '2019251120', '12312311005', '模拟电子线路', '54', 0.00, 0.00, 1, 2019);
INSERT INTO `student_course` VALUES (221, '2019251121', '12312311005', '模拟电子线路', '65', 1.50, 4.00, 1, 2019);
INSERT INTO `student_course` VALUES (222, '2019251122', '12312311005', '模拟电子线路', '34', 0.00, 0.00, 1, 2019);
INSERT INTO `student_course` VALUES (223, '2019251123', '12312311005', '模拟电子线路', '75', 2.50, 4.00, 1, 2019);
INSERT INTO `student_course` VALUES (224, '2019251124', '12312311005', '模拟电子线路', '43', 0.00, 0.00, 1, 2019);
INSERT INTO `student_course` VALUES (225, '2019251125', '12312311005', '模拟电子线路', '74', 2.40, 4.00, 1, 2019);
INSERT INTO `student_course` VALUES (226, '2019251126', '12312311005', '模拟电子线路', '77', 2.70, 4.00, 1, 2019);
INSERT INTO `student_course` VALUES (227, '2019251127', '12312311005', '模拟电子线路', '45', 0.00, 0.00, 1, 2019);
INSERT INTO `student_course` VALUES (228, '2019251128', '12312311005', '模拟电子线路', '75', 2.50, 4.00, 1, 2019);
INSERT INTO `student_course` VALUES (229, '2019251129', '12312311005', '模拟电子线路', '65', 1.50, 4.00, 1, 2019);
INSERT INTO `student_course` VALUES (230, '2019251130', '12312311005', '模拟电子线路', '76', 2.60, 4.00, 1, 2019);
INSERT INTO `student_course` VALUES (231, '2019251131', '12312311005', '模拟电子线路', '100', 5.00, 4.00, 1, 2019);
INSERT INTO `student_course` VALUES (232, '2019251132', '12312311005', '模拟电子线路', '87', 3.70, 4.00, 1, 2019);
INSERT INTO `student_course` VALUES (233, '2019251133', '12312311005', '模拟电子线路', '45', 0.00, 0.00, 1, 2019);
INSERT INTO `student_course` VALUES (234, '2019251134', '12312311005', '模拟电子线路', '76', 2.60, 4.00, 1, 2019);
INSERT INTO `student_course` VALUES (235, '2019251135', '12312311005', '模拟电子线路', '97', 4.70, 4.00, 1, 2019);
INSERT INTO `student_course` VALUES (236, '2019251136', '12312311005', '模拟电子线路', '46', 0.00, 0.00, 1, 2019);
INSERT INTO `student_course` VALUES (237, '2019251137', '12312311005', '模拟电子线路', '76', 2.60, 4.00, 1, 2019);
INSERT INTO `student_course` VALUES (238, '2019251138', '12312311005', '模拟电子线路', '65', 1.50, 4.00, 1, 2019);
INSERT INTO `student_course` VALUES (239, '2019251139', '12312311005', '模拟电子线路', '76', 2.60, 4.00, 1, 2019);
INSERT INTO `student_course` VALUES (240, '2019251140', '12312311005', '模拟电子线路', '87', 3.70, 4.00, 1, 2019);
INSERT INTO `student_course` VALUES (241, '2019251141', '12312311005', '模拟电子线路', '45', 0.00, 0.00, 1, 2019);
INSERT INTO `student_course` VALUES (242, '2019251142', '12312311005', '模拟电子线路', '67', 1.70, 4.00, 1, 2019);
INSERT INTO `student_course` VALUES (243, '2019251143', '12312311005', '模拟电子线路', '67', 1.70, 4.00, 1, 2019);
INSERT INTO `student_course` VALUES (244, '2019251144', '12312311005', '模拟电子线路', '87', 3.70, 4.00, 1, 2019);
INSERT INTO `student_course` VALUES (245, '2019251145', '12312311005', '模拟电子线路', '54', 0.00, 0.00, 1, 2019);
INSERT INTO `student_course` VALUES (246, '2019251146', '12312311005', '模拟电子线路', '76', 2.60, 4.00, 1, 2019);
INSERT INTO `student_course` VALUES (247, '2019251147', '12312311005', '模拟电子线路', '65', 1.50, 4.00, 1, 2019);
INSERT INTO `student_course` VALUES (248, '2019251148', '12312311005', '模拟电子线路', '76', 2.60, 4.00, 1, 2019);
INSERT INTO `student_course` VALUES (249, '2019251149', '12312311005', '模拟电子线路', '46', 0.00, 0.00, 1, 2019);
INSERT INTO `student_course` VALUES (250, '2019251150', '12312311005', '模拟电子线路', '65', 1.50, 4.00, 1, 2019);
INSERT INTO `student_course` VALUES (251, '2019251101', '12312311006', '信号与系统', '35', 0.00, 0.00, 1, 2019);
INSERT INTO `student_course` VALUES (252, '2019251102', '12312311006', '信号与系统', '100', 5.00, 2.00, 1, 2019);
INSERT INTO `student_course` VALUES (253, '2019251103', '12312311006', '信号与系统', '100', 5.00, 2.00, 1, 2019);
INSERT INTO `student_course` VALUES (254, '2019251104', '12312311006', '信号与系统', '54', 0.00, 0.00, 1, 2019);
INSERT INTO `student_course` VALUES (255, '2019251105', '12312311006', '信号与系统', '76', 2.60, 2.00, 1, 2019);
INSERT INTO `student_course` VALUES (256, '2019251106', '12312311006', '信号与系统', '100', 5.00, 2.00, 1, 2019);
INSERT INTO `student_course` VALUES (257, '2019251107', '12312311006', '信号与系统', '74', 2.40, 2.00, 1, 2019);
INSERT INTO `student_course` VALUES (258, '2019251108', '12312311006', '信号与系统', '86', 3.60, 2.00, 1, 2019);
INSERT INTO `student_course` VALUES (259, '2019251109', '12312311006', '信号与系统', '56', 0.00, 0.00, 1, 2019);
INSERT INTO `student_course` VALUES (260, '2019251110', '12312311006', '信号与系统', '85', 3.50, 2.00, 1, 2019);
INSERT INTO `student_course` VALUES (261, '2019251111', '12312311006', '信号与系统', '86', 3.60, 2.00, 1, 2019);
INSERT INTO `student_course` VALUES (262, '2019251112', '12312311006', '信号与系统', '56', 0.00, 0.00, 1, 2019);
INSERT INTO `student_course` VALUES (263, '2019251113', '12312311006', '信号与系统', '100', 5.00, 2.00, 1, 2019);
INSERT INTO `student_course` VALUES (264, '2019251114', '12312311006', '信号与系统', '43', 0.00, 0.00, 1, 2019);
INSERT INTO `student_course` VALUES (265, '2019251115', '12312311006', '信号与系统', '83', 3.30, 2.00, 1, 2019);
INSERT INTO `student_course` VALUES (266, '2019251116', '12312311006', '信号与系统', '75', 2.50, 2.00, 1, 2019);
INSERT INTO `student_course` VALUES (267, '2019251117', '12312311006', '信号与系统', '23', 0.00, 0.00, 1, 2019);
INSERT INTO `student_course` VALUES (268, '2019251118', '12312311006', '信号与系统', '86', 3.60, 2.00, 1, 2019);
INSERT INTO `student_course` VALUES (269, '2019251119', '12312311006', '信号与系统', '37', 0.00, 0.00, 1, 2019);
INSERT INTO `student_course` VALUES (270, '2019251120', '12312311006', '信号与系统', '75', 2.50, 2.00, 1, 2019);
INSERT INTO `student_course` VALUES (271, '2019251121', '12312311006', '信号与系统', '76', 2.60, 2.00, 1, 2019);
INSERT INTO `student_course` VALUES (272, '2019251122', '12312311006', '信号与系统', '34', 0.00, 0.00, 1, 2019);
INSERT INTO `student_course` VALUES (273, '2019251123', '12312311006', '信号与系统', '76', 2.60, 2.00, 1, 2019);
INSERT INTO `student_course` VALUES (274, '2019251124', '12312311006', '信号与系统', '43', 0.00, 0.00, 1, 2019);
INSERT INTO `student_course` VALUES (275, '2019251125', '12312311006', '信号与系统', '86', 3.60, 2.00, 1, 2019);
INSERT INTO `student_course` VALUES (276, '2019251126', '12312311006', '信号与系统', '65', 1.50, 2.00, 1, 2019);
INSERT INTO `student_course` VALUES (277, '2019251127', '12312311006', '信号与系统', '43', 0.00, 0.00, 1, 2019);
INSERT INTO `student_course` VALUES (278, '2019251128', '12312311006', '信号与系统', '86', 3.60, 2.00, 1, 2019);
INSERT INTO `student_course` VALUES (279, '2019251129', '12312311006', '信号与系统', '87', 3.70, 2.00, 1, 2019);
INSERT INTO `student_course` VALUES (280, '2019251130', '12312311006', '信号与系统', '54', 0.00, 0.00, 1, 2019);
INSERT INTO `student_course` VALUES (281, '2019251131', '12312311006', '信号与系统', '95', 4.50, 2.00, 1, 2019);
INSERT INTO `student_course` VALUES (282, '2019251132', '12312311006', '信号与系统', '67', 1.70, 2.00, 1, 2019);
INSERT INTO `student_course` VALUES (283, '2019251133', '12312311006', '信号与系统', '100', 5.00, 2.00, 1, 2019);
INSERT INTO `student_course` VALUES (284, '2019251134', '12312311006', '信号与系统', '54', 0.00, 0.00, 1, 2019);
INSERT INTO `student_course` VALUES (285, '2019251135', '12312311006', '信号与系统', '87', 3.70, 2.00, 1, 2019);
INSERT INTO `student_course` VALUES (286, '2019251136', '12312311006', '信号与系统', '34', 0.00, 0.00, 1, 2019);
INSERT INTO `student_course` VALUES (287, '2019251137', '12312311006', '信号与系统', '77', 2.70, 2.00, 1, 2019);
INSERT INTO `student_course` VALUES (288, '2019251138', '12312311006', '信号与系统', '54', 0.00, 0.00, 1, 2019);
INSERT INTO `student_course` VALUES (289, '2019251139', '12312311006', '信号与系统', '86', 3.60, 2.00, 1, 2019);
INSERT INTO `student_course` VALUES (290, '2019251140', '12312311006', '信号与系统', '76', 2.60, 2.00, 1, 2019);
INSERT INTO `student_course` VALUES (291, '2019251141', '12312311006', '信号与系统', '23', 0.00, 0.00, 1, 2019);
INSERT INTO `student_course` VALUES (292, '2019251142', '12312311006', '信号与系统', '56', 0.00, 0.00, 1, 2019);
INSERT INTO `student_course` VALUES (293, '2019251143', '12312311006', '信号与系统', '65', 1.50, 2.00, 1, 2019);
INSERT INTO `student_course` VALUES (294, '2019251144', '12312311006', '信号与系统', '100', 5.00, 2.00, 1, 2019);
INSERT INTO `student_course` VALUES (295, '2019251145', '12312311006', '信号与系统', '43', 0.00, 0.00, 1, 2019);
INSERT INTO `student_course` VALUES (296, '2019251146', '12312311006', '信号与系统', '54', 0.00, 0.00, 1, 2019);
INSERT INTO `student_course` VALUES (297, '2019251147', '12312311006', '信号与系统', '65', 1.50, 2.00, 1, 2019);
INSERT INTO `student_course` VALUES (298, '2019251148', '12312311006', '信号与系统', '100', 5.00, 2.00, 1, 2019);
INSERT INTO `student_course` VALUES (299, '2019251149', '12312311006', '信号与系统', '43', 0.00, 0.00, 1, 2019);
INSERT INTO `student_course` VALUES (300, '2019251150', '12312311006', '信号与系统', '65', 1.50, 2.00, 1, 2019);
INSERT INTO `student_course` VALUES (301, '2019254101', '12312341001', '高频电子线路', '45', 0.00, 0.00, 1, 2019);
INSERT INTO `student_course` VALUES (302, '2019254102', '12312341001', '高频电子线路', '55', 0.00, 0.00, 1, 2019);
INSERT INTO `student_course` VALUES (303, '2019254103', '12312341001', '高频电子线路', '78', 2.80, 4.00, 1, 2019);
INSERT INTO `student_course` VALUES (304, '2019254104', '12312341001', '高频电子线路', '87', 3.70, 4.00, 1, 2019);
INSERT INTO `student_course` VALUES (305, '2019254105', '12312341001', '高频电子线路', '56', 0.00, 0.00, 1, 2019);
INSERT INTO `student_course` VALUES (306, '2019254106', '12312341001', '高频电子线路', '94', 4.40, 4.00, 1, 2019);
INSERT INTO `student_course` VALUES (307, '2019254107', '12312341001', '高频电子线路', '45', 0.00, 0.00, 1, 2019);
INSERT INTO `student_course` VALUES (308, '2019254108', '12312341001', '高频电子线路', '66', 1.60, 4.00, 1, 2019);
INSERT INTO `student_course` VALUES (309, '2019254109', '12312341001', '高频电子线路', '78', 2.80, 4.00, 1, 2019);
INSERT INTO `student_course` VALUES (310, '2019254110', '12312341001', '高频电子线路', '88', 3.80, 4.00, 1, 2019);
INSERT INTO `student_course` VALUES (311, '2019254111', '12312341001', '高频电子线路', '45', 0.00, 0.00, 1, 2019);
INSERT INTO `student_course` VALUES (312, '2019254112', '12312341001', '高频电子线路', '78', 2.80, 4.00, 1, 2019);
INSERT INTO `student_course` VALUES (313, '2019254113', '12312341001', '高频电子线路', '98', 4.80, 4.00, 1, 2019);
INSERT INTO `student_course` VALUES (314, '2019254114', '12312341001', '高频电子线路', '88', 3.80, 4.00, 1, 2019);
INSERT INTO `student_course` VALUES (315, '2019254115', '12312341001', '高频电子线路', '98', 4.80, 4.00, 1, 2019);
INSERT INTO `student_course` VALUES (316, '2019254116', '12312341001', '高频电子线路', '78', 2.80, 4.00, 1, 2019);
INSERT INTO `student_course` VALUES (317, '2019254117', '12312341001', '高频电子线路', '99', 4.90, 4.00, 1, 2019);
INSERT INTO `student_course` VALUES (318, '2019254118', '12312341001', '高频电子线路', '88', 3.80, 4.00, 1, 2019);
INSERT INTO `student_course` VALUES (319, '2019254119', '12312341001', '高频电子线路', '78', 2.80, 4.00, 1, 2019);
INSERT INTO `student_course` VALUES (320, '2019254120', '12312341001', '高频电子线路', '54', 0.00, 0.00, 1, 2019);
INSERT INTO `student_course` VALUES (321, '2019254121', '12312341001', '高频电子线路', '45', 0.00, 0.00, 1, 2019);
INSERT INTO `student_course` VALUES (322, '2019254122', '12312341001', '高频电子线路', '65', 1.50, 4.00, 1, 2019);
INSERT INTO `student_course` VALUES (323, '2019254123', '12312341001', '高频电子线路', '55', 0.00, 0.00, 1, 2019);
INSERT INTO `student_course` VALUES (324, '2019254124', '12312341001', '高频电子线路', '65', 1.50, 4.00, 1, 2019);
INSERT INTO `student_course` VALUES (325, '2019254125', '12312341001', '高频电子线路', '45', 0.00, 0.00, 1, 2019);
INSERT INTO `student_course` VALUES (326, '2019254126', '12312341001', '高频电子线路', '12', 0.00, 0.00, 1, 2019);
INSERT INTO `student_course` VALUES (327, '2019254127', '12312341001', '高频电子线路', '55', 0.00, 0.00, 1, 2019);
INSERT INTO `student_course` VALUES (328, '2019254128', '12312341001', '高频电子线路', '66', 1.60, 4.00, 1, 2019);
INSERT INTO `student_course` VALUES (329, '2019254129', '12312341001', '高频电子线路', '78', 2.80, 4.00, 1, 2019);
INSERT INTO `student_course` VALUES (330, '2019254130', '12312341001', '高频电子线路', '65', 1.50, 4.00, 1, 2019);
INSERT INTO `student_course` VALUES (331, '2019254131', '12312341001', '高频电子线路', '56', 0.00, 0.00, 1, 2019);
INSERT INTO `student_course` VALUES (332, '2019254132', '12312341001', '高频电子线路', '45', 0.00, 0.00, 1, 2019);
INSERT INTO `student_course` VALUES (333, '2019254133', '12312341001', '高频电子线路', '100', 5.00, 4.00, 1, 2019);
INSERT INTO `student_course` VALUES (334, '2019254134', '12312341001', '高频电子线路', '55', 0.00, 0.00, 1, 2019);
INSERT INTO `student_course` VALUES (335, '2019254135', '12312341001', '高频电子线路', '78', 2.80, 4.00, 1, 2019);
INSERT INTO `student_course` VALUES (336, '2019254136', '12312341001', '高频电子线路', '89', 3.90, 4.00, 1, 2019);
INSERT INTO `student_course` VALUES (337, '2019254137', '12312341001', '高频电子线路', '78', 2.80, 4.00, 1, 2019);
INSERT INTO `student_course` VALUES (338, '2019254138', '12312341001', '高频电子线路', '98', 4.80, 4.00, 1, 2019);
INSERT INTO `student_course` VALUES (339, '2019254139', '12312341001', '高频电子线路', '78', 2.80, 4.00, 1, 2019);
INSERT INTO `student_course` VALUES (340, '2019254140', '12312341001', '高频电子线路', '89', 3.90, 4.00, 1, 2019);
INSERT INTO `student_course` VALUES (341, '2019254141', '12312341001', '高频电子线路', '89', 3.90, 4.00, 1, 2019);
INSERT INTO `student_course` VALUES (342, '2019254142', '12312341001', '高频电子线路', '89', 3.90, 4.00, 1, 2019);
INSERT INTO `student_course` VALUES (343, '2019254143', '12312341001', '高频电子线路', '78', 2.80, 4.00, 1, 2019);
INSERT INTO `student_course` VALUES (344, '2019254144', '12312341001', '高频电子线路', '45', 0.00, 0.00, 1, 2019);
INSERT INTO `student_course` VALUES (345, '2019254145', '12312341001', '高频电子线路', '66', 1.60, 4.00, 1, 2019);
INSERT INTO `student_course` VALUES (346, '2019254146', '12312341001', '高频电子线路', '87', 3.70, 4.00, 1, 2019);
INSERT INTO `student_course` VALUES (347, '2019254147', '12312341001', '高频电子线路', '79', 2.90, 4.00, 1, 2019);
INSERT INTO `student_course` VALUES (348, '2019254148', '12312341001', '高频电子线路', '88', 3.80, 4.00, 1, 2019);
INSERT INTO `student_course` VALUES (349, '2019254149', '12312341001', '高频电子线路', '65', 1.50, 4.00, 1, 2019);
INSERT INTO `student_course` VALUES (350, '2019254150', '12312341001', '高频电子线路', '45', 0.00, 0.00, 1, 2019);
INSERT INTO `student_course` VALUES (351, '2019254151', '12312341001', '高频电子线路', '66', 1.60, 4.00, 1, 2019);
INSERT INTO `student_course` VALUES (352, '2019254152', '12312341001', '高频电子线路', '87', 3.70, 4.00, 1, 2019);
INSERT INTO `student_course` VALUES (353, '2019254153', '12312341001', '高频电子线路', '99', 4.90, 4.00, 1, 2019);
INSERT INTO `student_course` VALUES (354, '2019254154', '12312341001', '高频电子线路', '78', 2.80, 4.00, 1, 2019);
INSERT INTO `student_course` VALUES (355, '2019254155', '12312341001', '高频电子线路', '45', 0.00, 0.00, 1, 2019);
INSERT INTO `student_course` VALUES (356, '2019254156', '12312341001', '高频电子线路', '66', 1.60, 4.00, 1, 2019);
INSERT INTO `student_course` VALUES (357, '2019254157', '12312341001', '高频电子线路', '78', 2.80, 4.00, 1, 2019);
INSERT INTO `student_course` VALUES (358, '2019254158', '12312341001', '高频电子线路', '54', 0.00, 0.00, 1, 2019);
INSERT INTO `student_course` VALUES (359, '2019254159', '12312341001', '高频电子线路', '66', 1.60, 4.00, 1, 2019);
INSERT INTO `student_course` VALUES (360, '2019254160', '12312341001', '高频电子线路', '78', 2.80, 4.00, 1, 2019);
INSERT INTO `student_course` VALUES (361, '2019252111', '12312321001', '物联网工程导论', '88', 3.80, 2.00, 1, 2019);
INSERT INTO `student_course` VALUES (362, '2019252112', '12312321001', '物联网工程导论', '78', 2.80, 2.00, 1, 2019);
INSERT INTO `student_course` VALUES (363, '2019252113', '12312321001', '物联网工程导论', '45', 0.00, 0.00, 1, 2019);
INSERT INTO `student_course` VALUES (364, '2019252114', '12312321001', '物联网工程导论', '66', 1.60, 2.00, 1, 2019);
INSERT INTO `student_course` VALUES (365, '2019252115', '12312321001', '物联网工程导论', '87', 3.70, 2.00, 1, 2019);
INSERT INTO `student_course` VALUES (366, '2019252116', '12312321001', '物联网工程导论', '65', 1.50, 2.00, 1, 2019);
INSERT INTO `student_course` VALUES (367, '2019252117', '12312321001', '物联网工程导论', '54', 0.00, 0.00, 1, 2019);
INSERT INTO `student_course` VALUES (368, '2019252118', '12312321001', '物联网工程导论', '66', 1.60, 2.00, 1, 2019);
INSERT INTO `student_course` VALUES (369, '2019252119', '12312321001', '物联网工程导论', '55', 0.00, 0.00, 1, 2019);
INSERT INTO `student_course` VALUES (370, '2019252120', '12312321001', '物联网工程导论', '87', 3.70, 2.00, 1, 2019);
INSERT INTO `student_course` VALUES (371, '2019252121', '12312321001', '物联网工程导论', '88', 3.80, 2.00, 1, 2019);
INSERT INTO `student_course` VALUES (372, '2019252122', '12312321001', '物联网工程导论', '87', 3.70, 2.00, 1, 2019);
INSERT INTO `student_course` VALUES (373, '2019252123', '12312321001', '物联网工程导论', '98', 4.80, 2.00, 1, 2019);
INSERT INTO `student_course` VALUES (374, '2019252124', '12312321001', '物联网工程导论', '78', 2.80, 2.00, 1, 2019);
INSERT INTO `student_course` VALUES (375, '2019252125', '12312321001', '物联网工程导论', '54', 0.00, 0.00, 1, 2019);
INSERT INTO `student_course` VALUES (376, '2019252126', '12312321001', '物联网工程导论', '66', 1.60, 2.00, 1, 2019);
INSERT INTO `student_course` VALUES (377, '2019252127', '12312321001', '物联网工程导论', '87', 3.70, 2.00, 1, 2019);
INSERT INTO `student_course` VALUES (378, '2019252128', '12312321001', '物联网工程导论', '100', 5.00, 2.00, 1, 2019);
INSERT INTO `student_course` VALUES (379, '2019252129', '12312321001', '物联网工程导论', '88', 3.80, 2.00, 1, 2019);
INSERT INTO `student_course` VALUES (380, '2019252130', '12312321001', '物联网工程导论', '98', 4.80, 2.00, 1, 2019);
INSERT INTO `student_course` VALUES (381, '2019252131', '12312321001', '物联网工程导论', '78', 2.80, 2.00, 1, 2019);
INSERT INTO `student_course` VALUES (382, '2019252132', '12312321001', '物联网工程导论', '98', 4.80, 2.00, 1, 2019);
INSERT INTO `student_course` VALUES (383, '2019252133', '12312321001', '物联网工程导论', '88', 3.80, 2.00, 1, 2019);
INSERT INTO `student_course` VALUES (384, '2019252134', '12312321001', '物联网工程导论', '78', 2.80, 2.00, 1, 2019);
INSERT INTO `student_course` VALUES (385, '2019252135', '12312321001', '物联网工程导论', '98', 4.80, 2.00, 1, 2019);
INSERT INTO `student_course` VALUES (386, '2019252136', '12312321001', '物联网工程导论', '100', 5.00, 2.00, 1, 2019);
INSERT INTO `student_course` VALUES (387, '2019252137', '12312321001', '物联网工程导论', '100', 5.00, 2.00, 1, 2019);
INSERT INTO `student_course` VALUES (388, '2019252138', '12312321001', '物联网工程导论', '88', 3.80, 2.00, 1, 2019);
INSERT INTO `student_course` VALUES (389, '2019252139', '12312321001', '物联网工程导论', '65', 1.50, 2.00, 1, 2019);
INSERT INTO `student_course` VALUES (390, '2019252140', '12312321001', '物联网工程导论', '44', 0.00, 0.00, 1, 2019);
INSERT INTO `student_course` VALUES (391, '2019252102', '12312321001', '物联网工程导论', '87', 3.70, 2.00, 1, 2019);
INSERT INTO `student_course` VALUES (392, '2019252103', '12312321001', '物联网工程导论', '89', 3.90, 2.00, 1, 2019);
INSERT INTO `student_course` VALUES (393, '2019252104', '12312321001', '物联网工程导论', '78', 2.80, 2.00, 1, 2019);
INSERT INTO `student_course` VALUES (394, '2019252105', '12312321001', '物联网工程导论', '54', 0.00, 0.00, 1, 2019);
INSERT INTO `student_course` VALUES (395, '2019252106', '12312321001', '物联网工程导论', '55', 0.00, 0.00, 1, 2019);
INSERT INTO `student_course` VALUES (396, '2019252107', '12312321001', '物联网工程导论', '65', 1.50, 2.00, 1, 2019);
INSERT INTO `student_course` VALUES (397, '2019252108', '12312321001', '物联网工程导论', '45', 0.00, 0.00, 1, 2019);
INSERT INTO `student_course` VALUES (398, '2019252109', '12312321001', '物联网工程导论', '87', 3.70, 2.00, 1, 2019);
INSERT INTO `student_course` VALUES (399, '2019252110', '12312321001', '物联网工程导论', '66', 1.60, 2.00, 1, 2019);
INSERT INTO `student_course` VALUES (400, '2019252101', '12312321001', '物联网工程导论', '87', 3.70, 2.00, 1, 2019);
INSERT INTO `student_course` VALUES (401, '2019252141', '12312321001', '物联网工程导论', '87', 3.70, 2.00, 1, 2019);
INSERT INTO `student_course` VALUES (402, '2019252142', '12312321001', '物联网工程导论', '88', 3.80, 2.00, 1, 2019);
INSERT INTO `student_course` VALUES (403, '2019252143', '12312321001', '物联网工程导论', '98', 4.80, 2.00, 1, 2019);
INSERT INTO `student_course` VALUES (404, '2019252144', '12312321001', '物联网工程导论', '78', 2.80, 2.00, 1, 2019);
INSERT INTO `student_course` VALUES (405, '2019252145', '12312321001', '物联网工程导论', '54', 0.00, 0.00, 1, 2019);
INSERT INTO `student_course` VALUES (406, '2019252146', '12312321001', '物联网工程导论', '55', 0.00, 0.00, 1, 2019);
INSERT INTO `student_course` VALUES (407, '2019252147', '12312321001', '物联网工程导论', '65', 1.50, 2.00, 1, 2019);
INSERT INTO `student_course` VALUES (408, '2019252148', '12312321001', '物联网工程导论', '45', 0.00, 0.00, 1, 2019);
INSERT INTO `student_course` VALUES (409, '2019252149', '12312321001', '物联网工程导论', '55', 0.00, 0.00, 1, 2019);
INSERT INTO `student_course` VALUES (410, '2019252150', '12312321001', '物联网工程导论', '65', 1.50, 2.00, 1, 2019);
INSERT INTO `student_course` VALUES (411, '2019253101', '12312331001', '计算机网络技术', '88', 3.80, 1.00, 1, 2019);
INSERT INTO `student_course` VALUES (412, '2019253102', '12312331001', '计算机网络技术', '55', 0.00, 0.00, 1, 2019);
INSERT INTO `student_course` VALUES (413, '2019253103', '12312331001', '计算机网络技术', '76', 2.60, 1.00, 1, 2019);
INSERT INTO `student_course` VALUES (414, '2019253104', '12312331001', '计算机网络技术', '100', 5.00, 1.00, 1, 2019);
INSERT INTO `student_course` VALUES (415, '2019253105', '12312331001', '计算机网络技术', '100', 5.00, 1.00, 1, 2019);
INSERT INTO `student_course` VALUES (416, '2019253106', '12312331001', '计算机网络技术', '100', 5.00, 1.00, 1, 2019);
INSERT INTO `student_course` VALUES (417, '2019253107', '12312331001', '计算机网络技术', '76', 2.60, 1.00, 1, 2019);
INSERT INTO `student_course` VALUES (418, '2019253108', '12312331001', '计算机网络技术', '76', 2.60, 1.00, 1, 2019);
INSERT INTO `student_course` VALUES (419, '2019253109', '12312331001', '计算机网络技术', '88', 3.80, 1.00, 1, 2019);
INSERT INTO `student_course` VALUES (420, '2019253110', '12312331001', '计算机网络技术', '67', 1.70, 1.00, 1, 2019);
INSERT INTO `student_course` VALUES (421, '2019253111', '12312331001', '计算机网络技术', '76', 2.60, 1.00, 1, 2019);
INSERT INTO `student_course` VALUES (422, '2019253112', '12312331001', '计算机网络技术', '87', 3.70, 1.00, 1, 2019);
INSERT INTO `student_course` VALUES (423, '2019253113', '12312331001', '计算机网络技术', '66', 1.60, 1.00, 1, 2019);
INSERT INTO `student_course` VALUES (424, '2019253114', '12312331001', '计算机网络技术', '77', 2.70, 1.00, 1, 2019);
INSERT INTO `student_course` VALUES (425, '2019253115', '12312331001', '计算机网络技术', '87', 3.70, 1.00, 1, 2019);
INSERT INTO `student_course` VALUES (426, '2019253116', '12312331001', '计算机网络技术', '99', 4.90, 1.00, 1, 2019);
INSERT INTO `student_course` VALUES (427, '2019253117', '12312331001', '计算机网络技术', '87', 3.70, 1.00, 1, 2019);
INSERT INTO `student_course` VALUES (428, '2019253118', '12312331001', '计算机网络技术', '78', 2.80, 1.00, 1, 2019);
INSERT INTO `student_course` VALUES (429, '2019253119', '12312331001', '计算机网络技术', '88', 3.80, 1.00, 1, 2019);
INSERT INTO `student_course` VALUES (430, '2019253120', '12312331001', '计算机网络技术', '98', 4.80, 1.00, 1, 2019);
INSERT INTO `student_course` VALUES (431, '2019253121', '12312331001', '计算机网络技术', '100', 5.00, 1.00, 1, 2019);
INSERT INTO `student_course` VALUES (432, '2019253122', '12312331001', '计算机网络技术', '89', 3.90, 1.00, 1, 2019);
INSERT INTO `student_course` VALUES (433, '2019253123', '12312331001', '计算机网络技术', '77', 2.70, 1.00, 1, 2019);
INSERT INTO `student_course` VALUES (434, '2019253124', '12312331001', '计算机网络技术', '87', 3.70, 1.00, 1, 2019);
INSERT INTO `student_course` VALUES (435, '2019253125', '12312331001', '计算机网络技术', '88', 3.80, 1.00, 1, 2019);
INSERT INTO `student_course` VALUES (436, '2019253126', '12312331001', '计算机网络技术', '98', 4.80, 1.00, 1, 2019);
INSERT INTO `student_course` VALUES (437, '2019253127', '12312331001', '计算机网络技术', '87', 3.70, 1.00, 1, 2019);
INSERT INTO `student_course` VALUES (438, '2019253128', '12312331001', '计算机网络技术', '66', 1.60, 1.00, 1, 2019);
INSERT INTO `student_course` VALUES (439, '2019253129', '12312331001', '计算机网络技术', '87', 3.70, 1.00, 1, 2019);
INSERT INTO `student_course` VALUES (440, '2019253130', '12312331001', '计算机网络技术', '88', 3.80, 1.00, 1, 2019);
INSERT INTO `student_course` VALUES (441, '2019253131', '12312331001', '计算机网络技术', '88', 3.80, 1.00, 1, 2019);
INSERT INTO `student_course` VALUES (442, '2019253132', '12312331001', '计算机网络技术', '78', 2.80, 1.00, 1, 2019);
INSERT INTO `student_course` VALUES (443, '2019253133', '12312331001', '计算机网络技术', '87', 3.70, 1.00, 1, 2019);
INSERT INTO `student_course` VALUES (444, '2019253134', '12312331001', '计算机网络技术', '77', 2.70, 1.00, 1, 2019);
INSERT INTO `student_course` VALUES (445, '2019253135', '12312331001', '计算机网络技术', '87', 3.70, 1.00, 1, 2019);
INSERT INTO `student_course` VALUES (446, '2019253136', '12312331001', '计算机网络技术', '98', 4.80, 1.00, 1, 2019);
INSERT INTO `student_course` VALUES (447, '2019253137', '12312331001', '计算机网络技术', '78', 2.80, 1.00, 1, 2019);
INSERT INTO `student_course` VALUES (448, '2019253138', '12312331001', '计算机网络技术', '100', 5.00, 1.00, 1, 2019);
INSERT INTO `student_course` VALUES (449, '2019253139', '12312331001', '计算机网络技术', '78', 2.80, 1.00, 1, 2019);
INSERT INTO `student_course` VALUES (450, '2019253140', '12312331001', '计算机网络技术', '98', 4.80, 1.00, 1, 2019);
INSERT INTO `student_course` VALUES (451, '2019253141', '12312331001', '计算机网络技术', '78', 2.80, 1.00, 1, 2019);
INSERT INTO `student_course` VALUES (452, '2019253142', '12312331001', '计算机网络技术', '87', 3.70, 1.00, 1, 2019);
INSERT INTO `student_course` VALUES (453, '2019253143', '12312331001', '计算机网络技术', '88', 3.80, 1.00, 1, 2019);
INSERT INTO `student_course` VALUES (454, '2019253144', '12312331001', '计算机网络技术', '78', 2.80, 1.00, 1, 2019);
INSERT INTO `student_course` VALUES (455, '2019253145', '12312331001', '计算机网络技术', '87', 3.70, 1.00, 1, 2019);
INSERT INTO `student_course` VALUES (456, '2019253146', '12312331001', '计算机网络技术', '78', 2.80, 1.00, 1, 2019);
INSERT INTO `student_course` VALUES (457, '2019253147', '12312331001', '计算机网络技术', '99', 4.90, 1.00, 1, 2019);
INSERT INTO `student_course` VALUES (458, '2019253148', '12312331001', '计算机网络技术', '87', 3.70, 1.00, 1, 2019);
INSERT INTO `student_course` VALUES (459, '2019253149', '12312331001', '计算机网络技术', '87', 3.70, 1.00, 1, 2019);
INSERT INTO `student_course` VALUES (460, '2019253150', '12312331001', '计算机网络技术', '77', 2.70, 1.00, 1, 2019);
INSERT INTO `student_course` VALUES (461, '2019253151', '12312331001', '计算机网络技术', '89', 3.90, 1.00, 1, 2019);
INSERT INTO `student_course` VALUES (462, '2019253152', '12312331001', '计算机网络技术', '78', 2.80, 1.00, 1, 2019);
INSERT INTO `student_course` VALUES (463, '2019253153', '12312331001', '计算机网络技术', '78', 2.80, 1.00, 1, 2019);
INSERT INTO `student_course` VALUES (464, '2019253154', '12312331001', '计算机网络技术', '98', 4.80, 1.00, 1, 2019);
INSERT INTO `student_course` VALUES (465, '2019253155', '12312331001', '计算机网络技术', '87', 3.70, 1.00, 1, 2019);
INSERT INTO `student_course` VALUES (466, '2019253156', '12312331001', '计算机网络技术', '88', 3.80, 1.00, 1, 2019);
INSERT INTO `student_course` VALUES (467, '2019253157', '12312331001', '计算机网络技术', '77', 2.70, 1.00, 1, 2019);
INSERT INTO `student_course` VALUES (468, '2019253158', '12312331001', '计算机网络技术', '87', 3.70, 1.00, 1, 2019);
INSERT INTO `student_course` VALUES (469, '2019253159', '12312331001', '计算机网络技术', '87', 3.70, 1.00, 1, 2019);
INSERT INTO `student_course` VALUES (470, '2019253160', '12312331001', '计算机网络技术', '78', 2.80, 1.00, 1, 2019);
INSERT INTO `student_course` VALUES (471, '2019251101', '12312311008', '体育', '88', 3.80, 1.00, 1, 2019);
INSERT INTO `student_course` VALUES (472, '2019251101', '12312311010', '多媒体技术', '88', 3.80, 2.00, 1, 2019);
INSERT INTO `student_course` VALUES (473, '2019251101', '12312311007', '大学英语', '80', 3.00, 4.00, 1, 2019);
INSERT INTO `student_course` VALUES (474, '2019251101', '12312311009', '电子技术', '62', 1.20, 2.00, 1, 2019);

-- ----------------------------
-- Table structure for teacher
-- ----------------------------
DROP TABLE IF EXISTS `teacher`;
CREATE TABLE `teacher`  (
  `id` int(0) NOT NULL AUTO_INCREMENT,
  `username` varchar(50) CHARACTER SET utf8 COLLATE utf8_general_ci NOT NULL DEFAULT '',
  `password` varchar(255) CHARACTER SET utf8 COLLATE utf8_general_ci NOT NULL DEFAULT '',
  `real_name` varchar(50) CHARACTER SET utf8 COLLATE utf8_general_ci NOT NULL DEFAULT '',
  `level` tinyint(0) NOT NULL DEFAULT 1,
  `school` varchar(50) CHARACTER SET utf8 COLLATE utf8_general_ci NOT NULL DEFAULT '',
  `email` varchar(50) CHARACTER SET utf8 COLLATE utf8_general_ci NOT NULL DEFAULT '0',
  `phone` varchar(50) CHARACTER SET utf8 COLLATE utf8_general_ci NOT NULL DEFAULT '',
  `sex` tinyint(0) NOT NULL DEFAULT 0,
  `create_time` timestamp(0) NOT NULL DEFAULT CURRENT_TIMESTAMP(0) COMMENT '创建时间',
  PRIMARY KEY (`id`) USING BTREE
) ENGINE = InnoDB AUTO_INCREMENT = 3890311 CHARACTER SET = utf8 COLLATE = utf8_general_ci ROW_FORMAT = Dynamic;

-- ----------------------------
-- Records of teacher
-- ----------------------------
INSERT INTO `teacher` VALUES (3890001, '3890001', '159357', '冯静淑', 1, '北京大学', '1963551835@qq.com', '15501905622', 1, '2020-03-31 17:10:07');
INSERT INTO `teacher` VALUES (3890011, '3890011', '159357', '沈芝玉', 1, '北京大学', '1708884815@qq.com', '13306387834', 1, '2020-03-31 17:10:07');
INSERT INTO `teacher` VALUES (3890021, '3890021', '159357', '花启', 1, '北京大学', '1544192276@qq.com', '13507731614', 1, '2020-03-31 17:10:07');
INSERT INTO `teacher` VALUES (3890030, '3890030', '159357', '余之', 1, '北京大学', '1625877976@qq.com', '15300308560', 0, '2020-03-31 17:10:07');
INSERT INTO `teacher` VALUES (3890040, '3890040', '159357', '尤爱妹', 1, '北京大学', '1034979625@qq.com', '13004971520', 0, '2020-03-31 17:10:07');
INSERT INTO `teacher` VALUES (3890050, '3890050', '159357', '韩欢霄', 1, '北京大学', '1401785583@qq.com', '15203875368', 0, '2020-03-31 17:10:07');
INSERT INTO `teacher` VALUES (3890060, '3890060', '159357', '卞林有', 1, '北京大学', '1786307189@qq.com', '15806324835', 0, '2020-03-31 17:10:07');
INSERT INTO `teacher` VALUES (3890070, '3890070', '159357', '时松善', 1, '北京大学', '1967037674@qq.com', '15007264285', 0, '2020-03-31 17:10:07');
INSERT INTO `teacher` VALUES (3890080, '3890080', '159357', '雷谦', 1, '北京大学', '1349297112@qq.com', '15803877153', 0, '2020-03-31 17:10:07');
INSERT INTO `teacher` VALUES (3890090, '3890090', '159357', '岑志', 1, '北京大学', '1529310157@qq.com', '15305324810', 0, '2020-03-31 17:10:07');
INSERT INTO `teacher` VALUES (3890100, '3890100', '159357', '闵世', 1, '北京大学', '1562878504@qq.com', '13801569100', 0, '2020-03-31 17:10:07');
INSERT INTO `teacher` VALUES (3890111, '3890111', '159357', '倪峰', 1, '北京大学', '1218208094@qq.com', '13201196252', 1, '2020-03-31 17:10:08');
INSERT INTO `teacher` VALUES (3890121, '3890121', '159357', '乐博', 1, '北京大学', '1878740423@qq.com', '15707822243', 1, '2020-03-31 17:10:08');
INSERT INTO `teacher` VALUES (3890130, '3890130', '159357', '张河哲', 1, '北京大学', '1418974154@qq.com', '13903362620', 0, '2020-03-31 17:10:08');
INSERT INTO `teacher` VALUES (3890140, '3890140', '159357', '水达安', 1, '北京大学', '1861931683@qq.com', '13803977654', 0, '2020-03-31 17:10:08');
INSERT INTO `teacher` VALUES (3890150, '3890150', '159357', '余进', 1, '北京大学', '1986037053@qq.com', '15200484007', 0, '2020-03-31 17:10:08');
INSERT INTO `teacher` VALUES (3890160, '3890160', '159357', '水昌成', 1, '北京大学', '1222509395@qq.com', '13301415159', 0, '2020-03-31 17:10:08');
INSERT INTO `teacher` VALUES (3890170, '3890170', '159357', '邬爽', 1, '北京大学', '1920238756@qq.com', '15706327447', 0, '2020-03-31 17:10:08');
INSERT INTO `teacher` VALUES (3890180, '3890180', '159357', '穆思', 1, '北京大学', '1514580859@qq.com', '13203831721', 0, '2020-03-31 17:10:08');
INSERT INTO `teacher` VALUES (3890191, '3890191', '159357', '张榕', 1, '北京大学', '1040370175@qq.com', '13701634820', 1, '2020-03-31 17:10:08');
INSERT INTO `teacher` VALUES (3890201, '3890201', '159357', '喻清', 1, '北京大学', '1834713942@qq.com', '15200438039', 1, '2020-03-31 17:10:08');
INSERT INTO `teacher` VALUES (3890211, '3890211', '159357', '薛保', 1, '北京大学', '1901714145@qq.com', '13000134418', 1, '2020-03-31 17:10:08');
INSERT INTO `teacher` VALUES (3890221, '3890221', '159357', '薛胜', 1, '北京大学', '1362849132@qq.com', '13305326764', 1, '2020-03-31 17:10:08');
INSERT INTO `teacher` VALUES (3890230, '3890230', '159357', '陈学祥', 1, '北京大学', '1822630732@qq.com', '13504492052', 0, '2020-03-31 17:10:08');
INSERT INTO `teacher` VALUES (3890240, '3890240', '159357', '湛文', 1, '北京大学', '1411341634@qq.com', '15805962625', 0, '2020-03-31 17:10:09');
INSERT INTO `teacher` VALUES (3890251, '3890251', '159357', '金先', 1, '北京大学', '1954401657@qq.com', '13908853584', 1, '2020-03-31 17:10:09');
INSERT INTO `teacher` VALUES (3890261, '3890261', '159357', '魏达安', 1, '北京大学', '1291977381@qq.com', '15906847962', 1, '2020-03-31 17:10:09');
INSERT INTO `teacher` VALUES (3890270, '3890270', '159357', '杨敬震', 1, '北京大学', '1256798176@qq.com', '15600310242', 0, '2020-03-31 17:10:09');
INSERT INTO `teacher` VALUES (3890281, '3890281', '159357', '殷义兴', 1, '北京大学', '1130372848@qq.com', '15006590956', 1, '2020-03-31 17:10:09');
INSERT INTO `teacher` VALUES (3890290, '3890290', '159357', '马文', 1, '北京大学', '1814243309@qq.com', '15700204445', 0, '2020-03-31 17:10:09');

-- ----------------------------
-- Table structure for teacher_course
-- ----------------------------
DROP TABLE IF EXISTS `teacher_course`;
CREATE TABLE `teacher_course`  (
  `id` int(0) NOT NULL AUTO_INCREMENT,
  `teacher_id` varchar(20) CHARACTER SET utf8 COLLATE utf8_general_ci NOT NULL,
  `username` varchar(255) CHARACTER SET utf8 COLLATE utf8_general_ci NOT NULL,
  `name` varchar(255) CHARACTER SET utf8 COLLATE utf8_general_ci NOT NULL,
  `profession` varchar(255) CHARACTER SET utf8 COLLATE utf8_general_ci NOT NULL,
  `grade` varchar(255) CHARACTER SET utf8 COLLATE utf8_general_ci NOT NULL,
  `term` tinyint(0) NOT NULL,
  `course_id` varchar(50) CHARACTER SET utf8 COLLATE utf8_general_ci NOT NULL,
  PRIMARY KEY (`id`) USING BTREE
) ENGINE = InnoDB AUTO_INCREMENT = 27 CHARACTER SET = utf8 COLLATE = utf8_general_ci ROW_FORMAT = Dynamic;

-- ----------------------------
-- Records of teacher_course
-- ----------------------------
INSERT INTO `teacher_course` VALUES (1, '3890290', '3890290', '数字电路基础', '电子信息工程', '1901', 1, '12312311001');
INSERT INTO `teacher_course` VALUES (2, '3890290', '3890290', '物联网工程导论', '物联网', '1901', 1, '12312321001');
INSERT INTO `teacher_course` VALUES (3, '3890290', '3890290', '计算机网络技术', '计算机', '1901', 1, '12312331001');
INSERT INTO `teacher_course` VALUES (4, '3890290', '3890290', '高频电子线路', '软件工程', '1901', 1, '12312341001');
INSERT INTO `teacher_course` VALUES (7, '3890281', '3890281', '大学物理', '电子信息工程', '1901', 1, '12312311002');
INSERT INTO `teacher_course` VALUES (8, '3890281', '3890281', '物联网安全', '物联网', '1901', 1, '12312321002');
INSERT INTO `teacher_course` VALUES (9, '3890281', '3890281', '网络与通信', '计算机', '1901', 1, '12312331002');
INSERT INTO `teacher_course` VALUES (10, '3890281', '3890281', '光纤通讯', '软件工程', '1901', 1, '12312341002');
INSERT INTO `teacher_course` VALUES (11, '3890270', '3890270', '线性代数', '电子信息工程', '1901', 1, '12312311003');
INSERT INTO `teacher_course` VALUES (12, '3890270', '3890270', '现代通信技术', '物联网', '1901', 1, '12312321003');
INSERT INTO `teacher_course` VALUES (13, '3890270', '3890270', '计算机安全', '计算机', '1901', 1, '12312331003');
INSERT INTO `teacher_course` VALUES (14, '3890270', '3890270', '移动通讯', '软件工程', '1901', 1, '12312341003');
INSERT INTO `teacher_course` VALUES (15, '3890261', '3890261', '复变函数', '电子信息工程', '1901', 1, '12312311004');
INSERT INTO `teacher_course` VALUES (16, '3890261', '3890261', '现代传感器技术', '物联网', '1901', 1, '12312321005');
INSERT INTO `teacher_course` VALUES (17, '3890261', '3890261', '算法与数据结构', '计算机', '1901', 1, '12312331004');
INSERT INTO `teacher_course` VALUES (18, '3890261', '3890261', '电路分析', '软件工程', '1901', 1, '12312341004');
INSERT INTO `teacher_course` VALUES (19, '3890251', '3890251', '模拟电子线路', '电子信息工程', '1901', 1, '12312311005');
INSERT INTO `teacher_course` VALUES (20, '3890251', '3890251', '信号与系统概论', '物联网', '1901', 1, '12312321006');
INSERT INTO `teacher_course` VALUES (21, '3890251', '3890251', '多媒体信息处理', '计算机', '1901', 1, '12312331005');
INSERT INTO `teacher_course` VALUES (22, '3890251', '3890251', '程控交换技术', '软件工程', '1901', 1, '12312341005');
INSERT INTO `teacher_course` VALUES (23, '3890240', '3890240', '信号与系统', '电子信息工程', '1901', 1, '12312311006');
INSERT INTO `teacher_course` VALUES (24, '3890240', '3890240', '无线传感器网络', '物联网', '1901', 1, '12312321004');
INSERT INTO `teacher_course` VALUES (25, '3890240', '3890240', '计算机组成原理', '计算机', '1901', 1, '12312331006');
INSERT INTO `teacher_course` VALUES (26, '3890240', '3890240', '光纤通讯', '软件工程', '1901', 1, '12312341006');

-- ----------------------------
-- Table structure for timetable
-- ----------------------------
DROP TABLE IF EXISTS `timetable`;
CREATE TABLE `timetable`  (
  `id` int(0) NOT NULL AUTO_INCREMENT,
  `week_id` int(0) NOT NULL,
  `profession` varchar(50) CHARACTER SET utf8 COLLATE utf8_general_ci NOT NULL,
  `grade` varchar(50) CHARACTER SET utf8 COLLATE utf8_general_ci NOT NULL,
  `year` int(0) NOT NULL,
  `term` tinyint(0) NOT NULL,
  PRIMARY KEY (`id`) USING BTREE
) ENGINE = InnoDB AUTO_INCREMENT = 41 CHARACTER SET = utf8 COLLATE = utf8_general_ci ROW_FORMAT = Dynamic;

-- ----------------------------
-- Records of timetable
-- ----------------------------
INSERT INTO `timetable` VALUES (1, 1, '电子信息工程', '1901', 2019, 1);
INSERT INTO `timetable` VALUES (2, 2, '电子信息工程', '1901', 2019, 1);
INSERT INTO `timetable` VALUES (3, 3, '电子信息工程', '1901', 2019, 1);
INSERT INTO `timetable` VALUES (4, 4, '电子信息工程', '1901', 2019, 1);
INSERT INTO `timetable` VALUES (5, 5, '电子信息工程', '1901', 2019, 1);
INSERT INTO `timetable` VALUES (6, 6, '电子信息工程', '1901', 2019, 1);
INSERT INTO `timetable` VALUES (7, 7, '电子信息工程', '1901', 2019, 1);
INSERT INTO `timetable` VALUES (8, 8, '电子信息工程', '1901', 2019, 1);
INSERT INTO `timetable` VALUES (9, 9, '电子信息工程', '1901', 2019, 1);
INSERT INTO `timetable` VALUES (10, 10, '电子信息工程', '1901', 2019, 1);
INSERT INTO `timetable` VALUES (11, 11, '物联网', '1901', 2019, 1);
INSERT INTO `timetable` VALUES (12, 12, '物联网', '1901', 2019, 1);
INSERT INTO `timetable` VALUES (13, 13, '物联网', '1901', 2019, 1);
INSERT INTO `timetable` VALUES (14, 14, '物联网', '1901', 2019, 1);
INSERT INTO `timetable` VALUES (15, 15, '物联网', '1901', 2019, 1);
INSERT INTO `timetable` VALUES (16, 16, '物联网', '1901', 2019, 1);
INSERT INTO `timetable` VALUES (17, 17, '物联网', '1901', 2019, 1);
INSERT INTO `timetable` VALUES (18, 18, '物联网', '1901', 2019, 1);
INSERT INTO `timetable` VALUES (19, 19, '物联网', '1901', 2019, 1);
INSERT INTO `timetable` VALUES (20, 20, '物联网', '1901', 2019, 1);
INSERT INTO `timetable` VALUES (21, 21, '计算机', '1901', 2019, 1);
INSERT INTO `timetable` VALUES (22, 22, '计算机', '1901', 2019, 1);
INSERT INTO `timetable` VALUES (23, 23, '计算机', '1901', 2019, 1);
INSERT INTO `timetable` VALUES (24, 24, '计算机', '1901', 2019, 1);
INSERT INTO `timetable` VALUES (25, 25, '计算机', '1901', 2019, 1);
INSERT INTO `timetable` VALUES (26, 26, '计算机', '1901', 2019, 1);
INSERT INTO `timetable` VALUES (27, 27, '计算机', '1901', 2019, 1);
INSERT INTO `timetable` VALUES (28, 28, '计算机', '1901', 2019, 1);
INSERT INTO `timetable` VALUES (29, 29, '计算机', '1901', 2019, 1);
INSERT INTO `timetable` VALUES (30, 30, '计算机', '1901', 2019, 1);
INSERT INTO `timetable` VALUES (31, 31, '软件工程', '1901', 2019, 1);
INSERT INTO `timetable` VALUES (32, 32, '软件工程', '1901', 2019, 1);
INSERT INTO `timetable` VALUES (33, 33, '软件工程', '1901', 2019, 1);
INSERT INTO `timetable` VALUES (34, 34, '软件工程', '1901', 2019, 1);
INSERT INTO `timetable` VALUES (35, 35, '软件工程', '1901', 2019, 1);
INSERT INTO `timetable` VALUES (36, 36, '软件工程', '1901', 2019, 1);
INSERT INTO `timetable` VALUES (37, 37, '软件工程', '1901', 2019, 1);
INSERT INTO `timetable` VALUES (38, 38, '软件工程', '1901', 2019, 1);
INSERT INTO `timetable` VALUES (39, 39, '软件工程', '1901', 2019, 1);
INSERT INTO `timetable` VALUES (40, 40, '软件工程', '1901', 2019, 1);

-- ----------------------------
-- Table structure for upload
-- ----------------------------
DROP TABLE IF EXISTS `upload`;
CREATE TABLE `upload`  (
  `id` int(0) NOT NULL AUTO_INCREMENT,
  `user_id` varchar(255) CHARACTER SET utf8 COLLATE utf8_general_ci NOT NULL,
  `level` int(0) NOT NULL DEFAULT 0,
  `url` varchar(255) CHARACTER SET utf8 COLLATE utf8_general_ci NOT NULL,
  PRIMARY KEY (`id`) USING BTREE
) ENGINE = InnoDB AUTO_INCREMENT = 5 CHARACTER SET = utf8 COLLATE = utf8_general_ci ROW_FORMAT = Dynamic;

-- ----------------------------
-- Records of upload
-- ----------------------------
INSERT INTO `upload` VALUES (1, '1', 0, 'sms/static/img/1e3d1f1a-33b5-4677-a70d-7ab754f3c436.jpg');
INSERT INTO `upload` VALUES (2, '2019251102', 2, 'sms/static/img/98d6ec65-bb2c-4b41-8f7f-ac723085b59b.jpg');
INSERT INTO `upload` VALUES (3, '3890290', 1, 'sms/static/img/859d30a4-5089-47bd-822e-0c435b009a82.png');
INSERT INTO `upload` VALUES (4, '2019251101', 2, 'sms/static/img/4f60c9ba-d99c-4dac-9767-4d833a430d90.jpg');

-- ----------------------------
-- Table structure for week
-- ----------------------------
DROP TABLE IF EXISTS `week`;
CREATE TABLE `week`  (
  `id` int(0) NOT NULL AUTO_INCREMENT,
  `monday` varchar(50) CHARACTER SET utf8 COLLATE utf8_general_ci NULL DEFAULT NULL,
  `tuesday` varchar(50) CHARACTER SET utf8 COLLATE utf8_general_ci NULL DEFAULT NULL,
  `wednesday` varchar(50) CHARACTER SET utf8 COLLATE utf8_general_ci NULL DEFAULT NULL,
  `thursday` varchar(50) CHARACTER SET utf8 COLLATE utf8_general_ci NULL DEFAULT NULL,
  `friday` varchar(50) CHARACTER SET utf8 COLLATE utf8_general_ci NULL DEFAULT NULL,
  `saturday` varchar(50) CHARACTER SET utf8 COLLATE utf8_general_ci NULL DEFAULT NULL,
  `sunday` varchar(50) CHARACTER SET utf8 COLLATE utf8_general_ci NULL DEFAULT NULL,
  PRIMARY KEY (`id`) USING BTREE
) ENGINE = InnoDB AUTO_INCREMENT = 41 CHARACTER SET = utf8 COLLATE = utf8_general_ci ROW_FORMAT = Dynamic;

-- ----------------------------
-- Records of week
-- ----------------------------
INSERT INTO `week` VALUES (1, '大学物理', '一', '模拟电子线路', '一', '一', '一', '一');
INSERT INTO `week` VALUES (2, '大学物理', '一', '模拟电子线路', '一', '一', '一', '一');
INSERT INTO `week` VALUES (3, '一', '线性代数', '一', '复变函数', '信号与系统', '一', '一');
INSERT INTO `week` VALUES (4, '一', '线性代数', '一', '复变函数', '信号与系统', '一', '一');
INSERT INTO `week` VALUES (5, '信号与系统', '数字电路基础', '大学物理', '大学物理', '一', '一', '一');
INSERT INTO `week` VALUES (6, '信号与系统', '数字电路基础', '大学物理', '大学物理', '一', '一', '一');
INSERT INTO `week` VALUES (7, '一', '一', '一', '一', '一', '一', '一');
INSERT INTO `week` VALUES (8, '一', '一', '一', '一', '一', '一', '一');
INSERT INTO `week` VALUES (9, '一', '一', '一', '一', '一', '一', '一');
INSERT INTO `week` VALUES (10, '一', '一', '一', '一', '一', '一', '一');
INSERT INTO `week` VALUES (11, '一', '信号与系统概论', '一', '物联网安全', '现代通信技术', '一', '一');
INSERT INTO `week` VALUES (12, '一', '信号与系统概论', '一', '物联网安全', '现代通信技术', '一', '一');
INSERT INTO `week` VALUES (13, '一', '一', '一', '一', '一', '一', '一');
INSERT INTO `week` VALUES (14, '一', '一', '一', '一', '一', '一', '一');
INSERT INTO `week` VALUES (15, '物联网工程导论', '无线传感器网络', '现代传感器技术', '一', '一', '一', '一');
INSERT INTO `week` VALUES (16, '物联网工程导论', '无线传感器网络', '现代传感器技术', '一', '一', '一', '一');
INSERT INTO `week` VALUES (17, '现代通信技术', '一', '一', '物联网工程导论', '一', '一', '一');
INSERT INTO `week` VALUES (18, '现代通信技术', '一', '一', '物联网工程导论', '一', '一', '一');
INSERT INTO `week` VALUES (19, '一', '一', '一', '一', '一', '一', '一');
INSERT INTO `week` VALUES (20, '一', '一', '一', '一', '一', '一', '一');
INSERT INTO `week` VALUES (21, '一', '算法与数据结构', '一', '一', '一', '一', '一');
INSERT INTO `week` VALUES (22, '一', '算法与数据结构', '一', '一', '一', '一', '一');
INSERT INTO `week` VALUES (23, '网络与通信', '一', '计算机网络技术', '网络与通信', '一', '一', '一');
INSERT INTO `week` VALUES (24, '网络与通信', '一', '计算机网络技术', '网络与通信', '一', '一', '一');
INSERT INTO `week` VALUES (25, '一', '一', '计算机组成原理', '多媒体信息处理', '一', '一', '一');
INSERT INTO `week` VALUES (26, '一', '一', '计算机组成原理', '多媒体信息处理', '一', '一', '一');
INSERT INTO `week` VALUES (27, '一', '多媒体信息处理', '一', '一', '计算机组成原理', '一', '一');
INSERT INTO `week` VALUES (28, '一', '多媒体信息处理', '一', '一', '计算机组成原理', '一', '一');
INSERT INTO `week` VALUES (29, '一', '一', '一', '一', '一', '一', '一');
INSERT INTO `week` VALUES (30, '一', '一', '一', '一', '一', '一', '一');
INSERT INTO `week` VALUES (31, '一', '一', '一', '高频电子线路', '一', '一', '一');
INSERT INTO `week` VALUES (32, '一', '一', '一', '高频电子线路', '一', '一', '一');
INSERT INTO `week` VALUES (33, '一', '一', '一', '光纤通讯', '一', '一', '一');
INSERT INTO `week` VALUES (34, '一', '一', '一', '光纤通讯', '一', '一', '一');
INSERT INTO `week` VALUES (35, '通信原理', '光纤通讯', '一', '电路分析', '移动通讯', '一', '一');
INSERT INTO `week` VALUES (36, '通信原理', '光纤通讯', '一', '电路分析', '移动通讯', '一', '一');
INSERT INTO `week` VALUES (37, '高频电子线路', '一', '电路分析', '一', '一', '一', '一');
INSERT INTO `week` VALUES (38, '高频电子线路', '一', '电路分析', '一', '一', '一', '一');
INSERT INTO `week` VALUES (39, '一', '一', '一', '一', '一', '一', '一');
INSERT INTO `week` VALUES (40, '一', '一', '一', '一', '一', '一', '一');

SET FOREIGN_KEY_CHECKS = 1;
